12345672121232 11 49871 299213 6111191 OK
12345672123212 11 47806 286816 5859343 OK
12345672321212 11 50193 301135 6151490 OK
12345673131323 11 48472 290816 5940171 OK
12345673132313 11 57360 344148 7030019 OK
12345673231313 11 55746 334461 6831244 OK
12345761111111 11 33634 201786 4107769 OK
12346571111231 11 24870 149195 3041108 OK
12346751113133 11 34646 207852 4235072 OK
12347561112212 11 31709 190232 3877522 OK
12347651111111 11 52654 315906 6427097 OK
12347651122112 11 32551 195285 3977334 OK
12347651133311 11 29675 178021 3624663 OK
12347652111221 11 26735 160388 3266650 OK
12347652123233 11 31640 189813 3864334 OK
12347652123332 11 38990 233922 4763014 OK
12347652223232 11 29513 177051 3604992 OK
12347653111133 11 31511 189049 3847644 OK
12347653132223 11 26938 161610 3291454 OK
12347653132322 11 26325 157922 3216441 OK
12347653332323 11 29666 177972 3624475 OK
12354671111111 11 37128 222744 4534706 OK
12354761112323 11 49125 294728 6003525 OK
12354762121112 11 34973 209813 4273855 OK
12354762121211 11 38005 228017 4645259 OK
12354762311123 11 28551 171287 3490396 OK
12354763131131 11 31811 190839 3889554 OK
12354763133111 11 28906 173419 3534133 OK
12354763211123 11 33856 203117 4138802 OK
12356471113133 11 30581 183468 3740017 OK
12356741133131 11 41428 248551 5079383 OK
12356741313131 11 43143 258840 5286415 OK
12356743113131 11 43388 260316 5319485 OK
12357461111222 11 33529 201158 4098823 OK
12357461113331 11 32262 193553 3943568 OK
12357462211112 11 33236 199389 4062258 OK
12357641113331 11 31309 187830 3826742 OK
12364571112212 11 34907 209422 4267041 OK
12364751112212 11 29913 179460 3656440 OK
12364751113133 11 31455 188706 3844841 OK
12364753311131 11 30198 181159 3690991 OK
12365471111111 11 37100 222578 4527225 OK
12365471211122 11 31410 188440 3835971 OK
12365471313113 11 26005 156004 3177451 OK
12365472223232 11 29109 174632 3555337 OK
12365472321233 11 33614 201669 4106560 OK
12365473232312 11 26447 158657 3232079 OK
12365473332323 11 26546 159255 3243235 OK
12365741113331 11 31627 189740 3867204 OK
12367451123333 11 46607 279617 5712671 OK
12367451132222 11 42454 254702 5207648 OK
12367451213333 11 45189 271112 5543213 OK
12367451312222 11 55279 331661 6775513 OK
12367452113333 11 49981 299866 6126401 OK
12367453112222 11 45040 270216 5524974 OK
12367541112212 11 39123 234725 4784980 OK
12367541113331 11 44838 269010 5483961 OK
12367541331131 11 28706 172221 3510154 OK
12374561121212 11 43243 259433 5298269 OK
12374561211212 11 42565 255370 5218583 OK
12374562111212 11 50547 303264 6192940 OK
12374651111222 11 35045 210245 4286888 OK
12375461111222 11 33880 203255 4140568 OK
12375641113112 11 31998 191966 3913064 OK
12376451111222 11 35673 214015 4360486 OK
12376451113133 11 34065 204375 4164172 OK
12376451221211 11 29370 176195 3591109 OK
12376541112323 11 35520 213102 4340239 OK
12376541232233 11 42033 252186 5139047 OK
12376541322233 11 29127 174745 3561581 OK
12376542121232 11 32430 194553 3964598 OK
12376542123212 11 29909 179432 3656072 OK
12376543133132 11 26122 156715 3196997 OK
12376543133231 11 25974 155817 3178273 OK
12456731132321 11 47384 284280 5794929 OK
12456731233223 11 28127 168743 3439464 OK
12456733223321 11 28313 169861 3461879 OK
12463751231231 11 29887 179294 3661538 OK
12467351131121 11 29942 179623 3660267 OK
12467351231321 11 25935 155581 3170610 OK
12473561132123 11 28500 170985 3484288 OK
12536741112323 11 30720 184301 3750185 OK
12537461332112 11 28568 171383 3498403 OK
12543671111111 11 38151 228890 4655146 OK
12543671211212 11 29708 178222 3630310 OK
12543671331113 11 27257 163516 3330447 OK
12543672121121 11 27829 166954 3400470 OK
12543672321332 11 28761 172544 3514304 OK
12543672322232 11 27876 167235 3405526 OK
12543672331232 11 26429 158546 3229142 OK
12543673111331 11 27157 162916 3318402 OK
12543673221323 11 28466 170770 3478608 OK
12543673231223 11 27249 163471 3329589 OK
12543673233323 11 34605 207607 4228590 OK
12546371221331 11 28363 170158 3471852 OK
12563472131213 11 35296 211752 4317440 OK
12563473131212 11 33079 198448 4046691 OK
12564733323122 11 27145 162842 3324082 OK
12567433232333 11 28232 169363 3449595 OK
12576343212221 11 34772 208613 4257481 OK
12637451132111 11 33392 200332 4082530 OK
12637451332112 11 25062 150338 3064837 OK
12643571321321 11 27550 165273 3373757 OK
12645371131121 11 30935 185580 3783210 OK
12673542331133 11 38175 229032 4673275 OK
12734561112323 11 30548 183266 3729091 OK
12734561322233 11 26920 161497 3289937 OK
12734562313223 11 25805 154804 3153583 OK
12745631111111 11 90279 541652 11025076 OK
12745632111122 11 29694 178137 3626434 OK
12745632212213 11 35029 210154 4279122 OK
12745632222221 11 28465 170763 3477368 OK
12745632232211 11 33852 203083 4135430 OK
12745633131131 11 31721 190309 3877177 OK
12745633313312 11 27763 166555 3392876 OK
12745633313333 11 29604 177605 3615570 OK
12745633323311 11 28124 168721 3436609 OK
12753462231323 11 31708 190230 3878533 OK
12763452322232 11 28630 171760 3498018 OK
12765432121313 11 32178 193054 3937174 OK
12765432222212 11 48689 292119 5958585 OK
12765433121213 11 36505 219011 4466313 OK
12765433331333 11 33358 200137 4080906 OK
13245671321111 11 32257 193520 3945236 OK
13246571111111 11 40814 244866 4982490 OK
13246571112233 11 27447 164662 3355992 OK
13246571113232 11 42552 255300 5202842 OK
13246572321332 11 32237 193396 3942542 OK
13246572331232 11 29132 174766 3562207 OK
13246573221233 11 30120 180685 3683839 OK
13246573321223 11 30702 184190 3754926 OK
13246752133211 11 37416 224484 4581040 OK
13247563212131 11 33356 200123 4083396 OK
13254761322233 11 31753 190504 3882672 OK
13254761323322 11 27274 163617 3336331 OK
13254762321233 11 37733 226383 4612420 OK
13254763323122 11 32273 193619 3948550 OK
13257641112233 11 27723 166322 3391683 OK
13265741112323 11 45840 275023 5601992 OK
13265742131312 11 39153 234895 4788641 OK
13267451122211 11 34057 204323 4162154 OK
13267451311133 11 28559 171328 3490752 OK
13267541111132 11 36323 217914 4447880 OK
13267541232212 11 33135 198790 4058737 OK
13274651112323 11 40468 242792 4944153 OK
13275461112233 11 30515 183066 3732518 OK
13275463213211 11 30170 181001 3691287 OK
13275641112233 11 36851 221077 4512431 OK
13275641112323 11 45863 275152 5608736 OK
13275642131333 11 34758 208531 4256312 OK
13275643212221 11 37216 223273 4557763 OK
13276451113211 11 40030 240157 4902680 OK
13276451233133 11 39833 238972 4878969 OK
13276541133122 11 29584 177478 3617681 OK
13276541213312 11 39745 238443 4860634 OK
13276541321123 11 29675 178024 3628574 OK
13276541322311 11 38204 229195 4672159 OK
13276541323112 11 24962 149746 3053469 OK
13276541323322 11 26046 156253 3185562 OK
13276542323312 11 29734 178382 3635269 OK
13276543323122 11 28742 172433 3515177 OK
13462571111111 11 32096 192554 3917396 OK
13462572213311 11 26695 160156 3261959 OK
13527461211113 11 31838 191007 3891672 OK
13542671231231 11 25443 152633 3114643 OK
13546271213213 11 28464 170763 3483077 OK
13546271231231 11 36672 220005 4491166 OK
13546271321321 11 31519 189092 3859471 OK
13572641122133 11 40502 242995 4952816 OK
13576241312213 11 39485 236898 4833285 OK
13576241321321 11 31660 189935 3881451 OK
13627451332112 11 28234 169386 3457820 OK
13642571221223 11 37505 225009 4603759 OK
13642571223221 11 37435 224584 4594892 OK
13642573221221 11 42430 254559 5207730 OK
13645271221331 11 26373 158214 3228570 OK
13647521111111 11 30951 185678 3777622 OK
13675241112323 11 33857 203123 4139111 OK
13675242331313 11 30446 182655 3724475 OK
13725642332132 11 31322 187911 3829169 OK
13754262123323 11 60327 361942 7391746 OK
13762451321321 11 26399 158367 3234018 OK
13764251211311 11 24286 145683 2968665 OK
13764252323231 11 28111 168643 3435963 OK
13765422121211 11 37620 225702 4605372 OK
14263751131121 11 28356 170118 3466167 OK
14267351321321 11 28664 171959 3511555 OK
14275633323122 11 30576 183432 3738897 OK
14325671111111 11 104822 628911 12801087 OK
14325672112121 11 27797 166764 3396606 OK
14325672231323 11 28773 172621 3514840 OK
14325672323222 11 28074 168419 3429732 OK
14325673123232 11 28694 172143 3506300 OK
14325673232333 11 26959 161724 3292303 OK
14325673311131 11 32667 195985 3990088 OK
14327652131213 11 31262 187553 3823838 OK
14327653121213 11 33241 199432 4066651 OK
14352672212111 11 29940 179615 3660961 OK
14356721112323 11 31152 186893 3802867 OK
14356721322233 11 36404 218405 4448937 OK
14367252322232 11 28819 172890 3521154 OK
14367523311113 11 50628 303752 6192674 OK
14523672121313 11 32131 192766 3931815 OK
14523673121312 11 38763 232567 4743140 OK
14527631121311 11 29827 178938 3643298 OK
14527631131211 11 28734 172381 3509843 OK
14527631133311 11 27763 166541 3390657 OK
14527631211131 11 31396 188357 3835118 OK
14527631311121 11 30967 185775 3782372 OK
14527632122213 11 31266 187571 3818115 OK
14527632212111 11 31769 190591 3881211 OK
14527632333332 11 37386 224298 4568103 OK
14527633132322 11 29000 173977 3543994 OK
14527633312133 11 29896 179352 3651921 OK
14536273311311 11 33412 200454 4086134 OK
14537622231323 11 29491 176925 3606151 OK
14563272323222 11 27222 163311 3325154 OK
14567231312213 11 39530 237164 4835065 OK
14567231321123 11 33745 202451 4131556 OK
14573261333111 11 32211 193244 3940730 OK
14625731111111 11 40304 241801 4919874 OK
14625731131121 11 31981 191864 3910725 OK
14625731322233 11 28830 172950 3524657 OK
14625732112121 11 30288 181708 3702571 OK
14625732113321 11 33788 202710 4129720 OK
14625732213323 11 28515 171063 3484655 OK
14625732233111 11 31371 188201 3834282 OK
14625733133111 11 28243 169435 3453294 OK
14632571111111 11 49328 295947 6026352 OK
14632571321132 11 29098 174568 3557505 OK
14652733321331 11 31414 188460 3848901 OK
14673251111111 11 39321 235905 4800259 OK
14723651111213 11 28481 170868 3479149 OK
14723651111312 11 36216 217281 4424989 OK
14723651112131 11 28705 172215 3507057 OK
14723651113121 11 27519 165090 3361549 OK
14723651211212 11 26193 157133 3200944 OK
14723652322121 11 24412 146448 2984682 OK
14723652331232 11 30121 180703 3680446 OK
14723653232222 11 27365 164167 3343840 OK
14723653313111 11 28386 170289 3467134 OK
14723653321313 11 34726 208340 4243354 OK
14725361111111 11 32604 195604 3981120 OK
14725361111123 11 28380 170260 3470246 OK
14725361322332 11 30460 182738 3726065 OK
14725362211121 11 35279 211653 4313739 OK
14725363211213 11 27552 165291 3368443 OK
14725363213121 11 26708 160221 3264851 OK
14725363223213 11 28081 168464 3434770 OK
14725363311113 11 35940 215608 4394676 OK
14726531223122 11 31281 187667 3825382 OK
14726531232122 11 31335 187991 3830532 OK
14726531233313 11 27908 167430 3411852 OK
14726531333312 11 25967 155784 3175654 OK
14726532232313 11 32275 193633 3944752 OK
14726533323122 11 27290 163714 3338805 OK
14735621221112 11 28174 169025 3444449 OK
14735621223113 11 25996 155954 3180260 OK
14735621223332 11 41159 246936 5033538 OK
14735621233112 11 34637 207796 4236711 OK
14735621323112 11 32966 197770 4032063 OK
14735621332112 11 25534 153176 3124585 OK
14735621333111 11 27252 163484 3331241 OK
14735621333222 11 25532 153169 3122115 OK
14736251111132 11 30512 183051 3730422 OK
14736251112332 11 28084 168484 3434910 OK
14736253222223 11 28445 170660 3478281 OK
14736521132222 11 30823 184909 3770623 OK
14736521133131 11 30399 182370 3717120 OK
14736521211212 11 29145 174847 3563859 OK
14736521213333 11 29829 178947 3649564 OK
14736521221313 11 30844 185050 3773568 OK
14736521321231 11 41759 250545 5106257 OK
14736521322233 11 27845 167050 3404683 OK
14736521332121 11 35066 210375 4289114 OK
14736523112222 11 30989 185912 3790597 OK
14736523113131 11 29216 175271 3572334 OK
14752363222121 11 26843 161034 3283619 OK
14752363232222 11 34564 207358 4226347 OK
14752363233131 11 30763 184545 3762917 OK
14752631111111 11 38188 229109 4663844 OK
14752631112311 11 31668 189982 3871445 OK
14752631323223 11 28068 168381 3431906 OK
14752632332132 11 27123 162714 3317535 OK
14752633213223 11 27627 165744 3379092 OK
14752633222223 11 29468 176787 3601905 OK
14752633223123 11 28519 171090 3488976 OK
14752633223231 11 30948 185664 3785088 OK
14753261221112 11 27927 167538 3414616 OK
14753261323112 11 34645 207855 4239112 OK
14753261333111 11 27984 167879 3422172 OK
14762351221331 11 32089 192513 3926573 OK
14762351321231 11 34447 206665 4212529 OK
14762351331221 11 26305 157798 3220236 OK
14763251221223 11 49255 295508 6044301 OK
14763251222312 11 45755 274506 5614330 OK
14763251332331 11 43188 259105 5301165 OK
14763251333123 11 40806 244814 5008043 OK
14763252322121 11 39571 237397 4857014 OK
14763253132232 11 38871 233203 4771206 OK
14763253133132 11 38837 232995 4766790 OK
14763253133222 11 42096 252559 5166233 OK
14763253133231 11 40731 244356 4999409 OK
14763253221221 11 39171 235001 4809173 OK
14763253222112 11 44924 269524 5512976 OK
14763521113211 11 31006 186009 3792307 OK
14763521113223 11 28339 170015 3466479 OK
14763523222331 11 23902 143386 2925789 OK
14765231111213 11 30687 184095 3749014 OK
14765231111312 11 32005 192007 3910153 OK
14765231112131 11 29902 179388 3652465 OK
14765231113121 11 27351 164080 3341274 OK
14765231133131 11 27628 165740 3376255 OK
14765232211211 11 28193 169138 3443541 OK
14765232232322 11 27961 167740 3415759 OK
14765232331313 11 28009 168028 3422159 OK
14765233113131 11 26418 158479 3228615 OK
14765233323332 11 28199 169184 3445680 OK
15236471111111 11 36245 217449 4424905 OK
15236473231121 11 25243 151439 3086015 OK
15243671331221 11 28333 169973 3468264 OK
15246371331332 11 38994 233941 4786628 OK
15246371332331 11 37735 226384 4631993 OK
15246372331331 11 37280 223657 4576220 OK
15267431223113 11 28439 170606 3482351 OK
15273641112323 11 35373 212211 4324142 OK
15324673113311 11 48622 291714 5943972 OK
15342671211311 11 24280 145647 2969298 OK
15346271321321 11 26005 156005 3184035 OK
15367421211113 11 34517 207085 4219159 OK
15367421223113 11 25733 154373 3146520 OK
15367423211123 11 29863 179152 3648862 OK
15426371111111 11 32113 192656 3919473 OK
15426371112233 11 28294 169747 3457464 OK
15463271313113 11 31460 188738 3849343 OK
15624732123212 11 38405 230414 4693413 OK
15624732133313 11 32003 191990 3912185 OK
15624732333332 11 30053 180297 3674392 OK
15627431223113 11 25727 154337 3148586 OK
15627431322113 11 35284 211680 4316050 OK
15627431332112 11 26226 157332 3209363 OK
15634722123332 11 40827 244943 4990330 OK
15634722321233 11 29621 177708 3620697 OK
15637423211123 11 33298 199772 4071514 OK
15642371111111 11 68038 408215 8312024 OK
15642372213311 11 29149 174869 3564500 OK
15642372231332 11 30039 180207 3674101 OK
15642372331322 11 27973 167814 3421012 OK
15642373212311 11 28574 171427 3493629 OK
15642373221323 11 30309 181839 3706632 OK
15642373231223 11 34288 205711 4193143 OK
15643271221331 11 27587 165503 3376764 OK
15643271331221 11 29276 175637 3582875 OK
15643273223111 11 25948 155659 3174682 OK
15647233213232 11 25896 155354 3172025 OK
15672341113232 11 33481 200869 4094404 OK
15672341323112 11 26539 159219 3247522 OK
15672342323312 11 30546 183256 3735366 OK
15672343213232 11 25926 155524 3172961 OK
15672433312133 11 36596 219555 4483266 OK
15724362212132 11 35349 212078 4329691 OK
15724631111111 11 33217 199273 4054534 OK
15724631211311 11 27022 162115 3304952 OK
15724631322233 11 30531 183164 3733843 OK
15724632123233 11 38200 229183 4670058 OK
15724632313223 11 28248 169474 3455060 OK
15724632323231 11 31347 188056 3834091 OK
15724632323333 11 31137 186798 3806473 OK
15724633132322 11 26179 157047 3200520 OK
15734622331223 11 31275 187621 3832405 OK
15746321111111 11 41849 251070 5110760 OK
15746321323211 11 25009 150030 3057988 OK
15746322313112 11 23486 140895 2871388 OK
15762342122213 11 43511 261044 5328171 OK
15763241111111 11 37167 222981 4537136 OK
15763242323132 11 26597 159555 3251513 OK
16243571132132 11 26486 158894 3240558 OK
16243571231231 11 28578 171433 3497908 OK
16243571321321 11 27387 164304 3351656 OK
16245371231231 11 29611 177644 3627000 OK
16254733312223 11 51221 307304 6268165 OK
16257431132111 11 30167 180975 3687601 OK
16257433223123 11 25563 153363 3126380 OK
16273541122133 11 43294 259737 5300276 OK
16273541321321 11 38239 229408 4687192 OK
16275341312213 11 36078 216455 4410890 OK
16275343122221 11 29538 177209 3614349 OK
16327453232333 11 27743 166436 3390288 OK
16342571331221 11 29292 175734 3586324 OK
16345271111111 11 63464 380766 7746915 OK
16345271133131 11 28570 171394 3490282 OK
16345271222111 11 31181 187068 3809271 OK
16345272322232 11 30126 180738 3680601 OK
16345272333212 11 27427 164542 3350343 OK
16345273122323 11 33445 200646 4085658 OK
16345273233323 11 35881 215264 4384532 OK
16347252131312 11 40452 242685 4949599 OK
16347253121312 11 38278 229644 4683789 OK
16357421223113 11 29541 177234 3617639 OK
16374521112323 11 31309 187838 3822315 OK
16374523211123 11 27865 167163 3403784 OK
16423572112121 11 33177 199041 4059440 OK
16427531211311 11 26631 159763 3256956 OK
16427531231321 11 29387 176304 3594063 OK
16427532333233 11 48430 290557 5922198 OK
16453271111111 11 40224 241315 4911415 OK
16453271211113 11 26855 161099 3282577 OK
16453272111131 11 27155 162901 3319059 OK
16475233132313 11 40008 240031 4897919 OK
16523473332323 11 27551 165286 3365316 OK
16523741112212 11 32256 193511 3945206 OK
16524731112212 11 37272 223617 4555752 OK
16524731112233 11 32019 192097 3914871 OK
16524731113133 11 31693 190132 3873275 OK
16527341111111 11 31502 188985 3846342 OK
16527431123333 11 46644 279844 5718406 OK
16527431222132 11 48474 290824 5945513 OK
16527431312222 11 52606 315611 6448367 OK
16527431333213 11 41631 249761 5107692 OK
16527432113333 11 42259 253533 5180884 OK
16527432211322 11 48770 292592 5979081 OK
16527432231122 11 43843 263041 5375561 OK
16527432231332 11 41835 250986 5132313 OK
16527432331322 11 44704 268200 5483590 OK
16527432333113 11 43519 261086 5338087 OK
16527433312133 11 42711 256236 5236807 OK
16532471111222 11 35741 214421 4372223 OK
16534271111111 11 35354 212101 4316761 OK
16534271111132 11 26373 158206 3222212 OK
16534273211111 11 33137 198805 4048566 OK
16534723211123 11 43299 259779 5293796 OK
16537421111222 11 29213 175248 3570154 OK
16537421113322 11 29476 176833 3604913 OK
16537421113331 11 31029 186152 3792344 OK
16537421223113 11 25728 154341 3148600 OK
16537421233112 11 36198 217167 4428475 OK
16537421332112 11 26068 156377 3190624 OK
16542371221331 11 24521 147099 3001548 OK
16542371331221 11 27173 163014 3326147 OK
16542372112331 11 37847 227061 4629559 OK
16543271221223 11 51711 310235 6345747 OK
16543271223221 11 38505 231008 4726847 OK
16543271331332 11 41734 250382 5123621 OK
16543271332331 11 42147 252857 5173218 OK
16543272331331 11 39020 234086 4789750 OK
16543273221221 11 41609 249626 5108174 OK
16543721111111 11 32278 193642 3940583 OK
16543721113211 11 26443 158634 3230783 OK
16547233332323 11 30423 182520 3716393 OK
16547321113331 11 38072 228415 4657421 OK
16572431111111 11 36524 219126 4459129 OK
16572433213223 11 26255 157502 3210543 OK
16573241123123 11 30691 184119 3754861 OK
16573241312312 11 27620 165691 3379427 OK
16574231113133 11 32411 194450 3964620 OK
16723451122133 11 32510 195043 3976960 OK
16723451322311 11 28785 172693 3525700 OK
16725431121311 11 27542 165228 3363787 OK
16725431131211 11 28424 170523 3472103 OK
16725431211122 11 28677 172049 3503092 OK
16725431211131 11 35261 211545 4307934 OK
16725431311121 11 26656 159909 3255841 OK
16725432211121 11 31560 189338 3854756 OK
16725432232223 11 27710 166234 3383802 OK
16725433113311 11 28400 170375 3469224 OK
16725433122212 11 26815 160868 3276045 OK
16725433333232 11 25510 153034 3117185 OK
16735242122213 11 38339 230013 4694892 OK
16742352232313 11 34176 205037 4178988 OK
16743252323222 11 27976 167831 3417463 OK
16745232121313 11 32736 196402 4004481 OK
16745232122222 11 30431 182562 3723107 OK
16745233121213 11 30061 180342 3677654 OK
16745233333313 11 43567 261390 5327907 OK
16753241221112 11 33181 199068 4058789 OK
17246351111111 11 31385 188282 3829959 OK
17265433111313 11 47693 286134 5838726 OK
17324561211323 11 32976 197829 4033602 OK
17324561232332 11 24024 144123 2937822 OK
17326452212111 11 50693 304137 6199267 OK
17356241212313 11 24435 146579 2987393 OK
17356242211331 11 38728 232340 4736199 OK
17362451211311 11 23993 143938 2933033 OK
17362451231321 11 26969 161796 3297579 OK
17362452213311 11 41478 248848 5071298 OK
17364251231231 11 32159 192934 3939880 OK
17423653213232 11 27279 163649 3339577 OK
17425631122112 11 29315 175865 3584283 OK
17425631223113 11 26286 157694 3216481 OK
17425631313113 11 28523 171113 3486629 OK
17425631322113 11 33557 201316 4104326 OK
17425631322332 11 39438 236602 4822738 OK
17425631323112 11 33940 203620 4151416 OK
17425631323223 11 27621 165706 3377927 OK
17425631332112 11 26951 161678 3297111 OK
17426531112233 11 29281 175672 3580660 OK
17426531121212 11 33002 197991 4034352 OK
17426531132312 11 32297 193759 3949445 OK
17426531213123 11 35190 211119 4303888 OK
17426531223221 11 25903 155382 3169331 OK
17426531232233 11 41161 246948 5032392 OK
17426531313131 11 33122 198709 4048887 OK
17426531331332 11 27171 163006 3325534 OK
17426532121211 11 30124 180716 3681429 OK
17426532331331 11 29821 178891 3648955 OK
17435622211133 11 39504 237006 4837617 OK
17435623211123 11 42563 255360 5210122 OK
17436521323232 11 25978 155855 3177112 OK
17452363213232 11 26193 157134 3206139 OK
17452363322132 11 26385 158281 3227401 OK
17452633213232 11 33815 202876 4145677 OK
17453262211133 11 30051 180278 3675826 OK
17462352213311 11 31242 187425 3822556 OK
17463251122112 11 28948 173664 3539660 OK
17463251221331 11 24400 146372 2987276 OK
17463251313113 11 28105 168602 3436657 OK
17463251321231 11 30354 182098 3712475 OK
17463251323112 11 34628 207750 4236631 OK
17463251331221 11 25916 155472 3172122 OK
17526431131121 11 29114 174674 3561815 OK
17526431231321 11 30672 184008 3752031 OK
17526432123233 11 40596 243564 4964065 OK
17543261111111 11 41441 248620 5059600 OK
17543261132111 11 26375 158219 3223682 OK
17642531111111 11 31287 187694 3818505 OK
17642531112233 11 37535 225188 4587701 OK
17642533312211 11 26714 160264 3264270 OK
17643251122112 11 31629 189756 3869771 OK
21345671111111 11 38999 233961 4763298 OK
21345762223322 11 46577 279445 5703107 OK
21345762312323 11 36798 220769 4505520 OK
21345762313223 11 33084 198482 4050976 OK
21345763332233 11 35500 212978 4346379 OK
21346752313322 11 39614 237665 4844333 OK
21347562312323 11 49560 297337 6063164 OK
21354671122112 11 28925 173521 3536375 OK
21354671131313 11 35651 213894 4356607 OK
21354671221112 11 29418 176488 3596626 OK
21354672311123 11 32595 195559 3984422 OK
21354672311132 11 35740 214421 4367947 OK
21354672313211 11 101181 607070 12359013 OK
21354673131113 11 35470 212798 4334260 OK
21354761112233 11 30242 181424 3698015 OK
21354761112311 11 28224 169321 3451565 OK
21354761113211 11 31310 187837 3829041 OK
21354761113322 11 28659 171930 3505116 OK
21354761122211 11 37593 225532 4596678 OK
21354761133311 11 31544 189239 3856809 OK
21354762213311 11 26400 158374 3228233 OK
21354763312211 11 28201 169183 3449274 OK
21357462311111 11 39043 234234 4782142 OK
21357463213331 11 36116 216673 4425516 OK
21357642221132 11 37660 225940 4608297 OK
21364752311111 11 33792 202735 4138027 OK
21364753212212 11 31816 190870 3898803 OK
21365742221312 11 27603 165597 3376637 OK
21365742312323 11 33402 200396 4085876 OK
21367451311331 11 28640 171815 3502179 OK
21367452112112 11 28129 168746 3439560 OK
21374653333121 11 31309 187833 3834423 OK
21375462312233 11 30708 184230 3754299 OK
21375463333211 11 33296 199760 4073005 OK
21376541111123 11 30044 180238 3674490 OK
21376541112311 11 29008 174030 3547508 OK
21376541122211 11 39456 236715 4825555 OK
21376541131133 11 30721 184300 3756385 OK
21457631321123 11 40955 245711 5008820 OK
21473563331312 11 36590 219531 4482164 OK
21536742222131 11 36056 216318 4416475 OK
21654372231323 11 31739 190424 3879638 OK
21654372233321 11 28977 173847 3543290 OK
21654373332122 11 28516 171066 3488940 OK
21654373332221 11 28309 169835 3462990 OK
21734652123131 11 27834 166978 3400164 OK
23147562123131 11 40274 241632 4924762 OK
23147651112323 11 33239 199417 4060793 OK
23147652312323 11 28960 173736 3541462 OK
23156471222132 11 31145 186844 3808296 OK
23156471333132 11 26385 158280 3227319 OK
23156473323332 11 29290 175720 3581277 OK
23157461231333 11 33021 198105 4042317 OK
23157462131123 11 41197 247164 5042647 OK
23164573213133 11 33007 198010 4043029 OK
23164752131312 11 31525 189133 3855098 OK
23164753333313 11 30683 184074 3752013 OK
23165471111111 11 33359 200127 4073099 OK
23165471311133 11 30135 180784 3683007 OK
23165471312132 11 28031 168161 3426473 OK
23165472111122 11 31456 188718 3844917 OK
23165472111332 11 26905 161400 3289075 OK
23165472132332 11 30948 185658 3784433 OK
23165472311111 11 28809 172834 3522185 OK
23165473233221 11 34095 204547 4170469 OK
23165741112323 11 41800 250787 5110567 OK
23165741231312 11 38006 228022 4653869 OK
23165742123131 11 37716 226287 4614140 OK
23165742131321 11 46465 278776 5689886 OK
23165742131333 11 54349 326085 6653182 OK
23165742312323 11 37610 225629 4605856 OK
23165743331312 11 54496 326964 6671618 OK
23167541233322 11 31623 189725 3868415 OK
23167542131222 11 31286 187697 3827320 OK
23174652123131 11 32744 196444 4002601 OK
23175463211222 11 34168 204994 4186329 OK
23176452132221 11 31464 188758 3853856 OK
23176453332233 11 33492 200932 4099173 OK
23416752121211 11 42330 253968 5181482 OK
23417563232123 11 27979 167853 3420240 OK
23456173212332 11 24340 146021 2979697 OK
23456173233122 11 31086 186496 3802430 OK
23456713212332 11 25311 151835 3098738 OK
23475162121112 11 39641 237822 4854811 OK
23517462131333 11 42665 255977 5226031 OK
23576412233321 11 28264 169562 3453264 OK
23576412312323 11 27133 162773 3315294 OK
23657142121112 11 42968 257788 5259737 OK
23671452122333 11 59121 354709 7243453 OK
23674153232321 11 25606 153608 3130059 OK
23751461132123 11 24458 146720 2990159 OK
23751463112321 11 24731 148359 3023256 OK
23756143222331 11 30860 185147 3777899 OK
23756411222312 11 38127 228732 4679408 OK
23756413222112 11 39857 239118 4891563 OK
23756413223312 11 38220 229293 4691118 OK
23756413322312 11 40022 240111 4911871 OK
24153672321233 11 31347 188063 3834431 OK
24157361313212 11 28606 171612 3498466 OK
24157362323111 11 28190 169121 3447777 OK
24167353132232 11 41376 248241 5071482 OK
24173652323231 11 26106 156612 3190034 OK
24315673311311 11 49484 296892 6048416 OK
24315761122322 11 34400 206384 4207361 OK
24315762213323 11 31407 188419 3839730 OK
24351671212211 11 39411 236453 4818850 OK
24351673111133 11 40111 240655 4903577 OK
24351673311311 11 46434 278583 5677130 OK
24351761111123 11 47501 284986 5815067 OK
24351761212232 11 33512 201057 4105583 OK
24367511323112 11 35070 210401 4288764 OK
24367513111121 11 26235 157383 3206972 OK
24376512222122 11 43019 258095 5269103 OK
24516732233111 11 32042 192228 3917276 OK
24531673123121 11 35832 214973 4388125 OK
24536713231232 11 31904 191406 3909644 OK
24537613231322 11 41502 248991 5076285 OK
24561372111131 11 31293 187732 3825910 OK
24563711121212 11 39737 238407 4868494 OK
24563712121232 11 40052 240297 4906946 OK
24563713121222 11 51355 308118 6292751 OK
24571362221213 11 37037 222197 4536843 OK
24571631121212 11 36936 221592 4522858 OK
24615371112332 11 29674 178023 3631261 OK
24615372213311 11 56248 337469 6885099 OK
24615731122313 11 39034 234193 4779437 OK
24615731132333 11 53481 320875 6546999 OK
24615732111323 11 47200 283192 5779561 OK
24615732213311 11 32209 193232 3944108 OK
24615732233321 11 38286 229697 4688450 OK
24615733113323 11 55017 330088 6733768 OK
24615733311122 11 33595 201549 4112459 OK
24617532233321 11 42747 256453 5227494 OK
24637512311132 11 40059 240330 4897948 OK
24651731113223 11 31261 187553 3825077 OK
24651731333333 11 28151 168891 3444497 OK
24715363311332 11 33703 202203 4128874 OK
24715631111111 11 35611 213652 4346893 OK
24715631122121 11 35342 212025 4322137 OK
24715631122133 11 28465 170763 3478493 OK
24715632313223 11 25802 154785 3154755 OK
24715633112111 11 25388 152302 3104395 OK
24715633131131 11 34440 206614 4212490 OK
24716532323231 11 39966 239773 4895090 OK
24731561111111 11 49752 298494 6078028 OK
24731562311231 11 28946 173654 3539718 OK
24736512222332 11 41597 249564 5091064 OK
24751362221231 11 51472 308811 6302390 OK
24751362321113 11 62025 372129 7594228 OK
24761531221223 11 40237 241401 4931666 OK
24763151111111 11 33235 199386 4056492 OK
24765313222112 11 33903 203392 4157071 OK
25134672233321 11 28023 168111 3424541 OK
25134672312323 11 26914 161463 3289234 OK
25134672313211 11 36090 216521 4405496 OK
25137461111111 11 36281 217662 4429010 OK
25137461211323 11 24964 149751 3051610 OK
25163741112323 11 33014 198057 4036380 OK
25314673111313 11 67247 403459 8240494 OK
25314673111331 11 64233 385381 7876302 OK
25314673131311 11 66425 398536 8140128 OK
25341673113311 11 55557 333324 6794241 OK
25341762313223 11 46968 281785 5748814 OK
25364172311231 11 51265 307568 6268143 OK
25364173223231 11 24249 145466 2965112 OK
25367411211122 11 34303 205791 4195882 OK
25413672323111 11 51619 309695 6311702 OK
25413763121222 11 35859 215132 4392398 OK
25436711311313 11 30327 181938 3707900 OK
25436712123122 11 28208 169224 3447934 OK
25436712123332 11 31250 187470 3819047 OK
25436712132122 11 30901 185387 3778827 OK
25436712323231 11 28184 169075 3445686 OK
25436713232321 11 30307 181811 3706052 OK
25436713332122 11 28740 172420 3515608 OK
25463713212332 11 31809 190833 3899333 OK
25471362323132 11 30045 180247 3672928 OK
25471631312213 11 45197 271165 5533195 OK
25631741212121 11 55393 332340 6783861 OK
25634713321232 11 34922 209510 4271320 OK
25641371213132 11 33705 202212 4125788 OK
25714632123131 11 35981 215864 4397450 OK
25714632223331 11 31915 191473 3902246 OK
25714632313211 11 89281 535671 10903701 OK
25714633121333 11 34886 209296 4264033 OK
25716431212223 11 33581 201466 4110173 OK
25716433223213 11 31684 190078 3880272 OK
25731642232211 11 55754 334499 6828306 OK
25734162221111 11 31641 189819 3870528 OK
25734613113323 11 42855 257115 5244959 OK
25736141111123 11 38052 228293 4654430 OK
25736141233232 11 36045 216257 4413119 OK
25736411133113 11 34390 206318 4204795 OK
25736411231321 11 31038 186216 3794550 OK
25736411321312 11 26460 158736 3236970 OK
25736411331113 11 32854 197102 4016976 OK
25736413123112 11 27575 165432 3373065 OK
25741361232113 11 38125 228734 4661702 OK
25741632222323 11 32187 193106 3933834 OK
25741632312323 11 29032 174177 3549900 OK
25743611233232 11 30037 180200 3680410 OK
25763142223133 11 36570 219400 4474053 OK
25763411332322 11 27754 166504 3394955 OK
26135742132221 11 34693 208148 4244320 OK
26135742213323 11 31988 191899 3910872 OK
26135742332312 11 33066 198374 4045399 OK
26153471122121 11 32567 195378 3983082 OK
26153473131131 11 29564 177359 3615061 OK
26153473132121 11 28830 172949 3527926 OK
26154372332213 11 64045 384249 7845156 OK
26175432331133 11 35344 212043 4329345 OK
26317451212211 11 51327 307950 6276664 OK
26345711223113 11 23930 143550 2926550 OK
26371453112111 11 28184 169082 3445841 OK
26415731322323 11 27762 166554 3396087 OK
26415732121223 11 27640 165825 3381158 OK
26415732233321 11 34268 205586 4191837 OK
26435712222122 11 50632 303775 6199096 OK
26435712233321 11 37421 224507 4582936 OK
26435712311132 11 35717 214281 4370336 OK
26435712322322 11 47119 282703 5769631 OK
26435713311122 11 35266 211572 4316489 OK
26435713333133 11 42885 257291 5251145 OK
26437512122312 11 31489 188918 3851772 OK
26453172211133 11 34838 209008 4261471 OK
26453711333333 11 31359 188131 3837438 OK
26513471122121 11 33224 199323 4064256 OK
26517343333313 11 40443 242636 4953249 OK
26534713333313 11 43430 260555 5311307 OK
26543171111111 11 32899 197365 4015939 OK
26543171123111 11 26680 160047 3261112 OK
26547313131323 11 43325 259938 5303770 OK
26573413331312 11 35783 214669 4382861 OK
26714531212133 11 34671 208008 4242616 OK
26714532121133 11 37465 224773 4584602 OK
26715433231322 11 31959 191735 3907790 OK
26741351232113 11 27721 166294 3387114 OK
26743512121232 11 43282 259680 5298630 OK
27134561131133 11 32116 192671 3928335 OK
27154632311132 11 28886 173290 3528880 OK
27314652313211 11 35153 210899 4291173 OK
27365412321212 11 41794 250749 5117313 OK
27415363131113 11 40459 242731 4955227 OK
27415632323231 11 34601 207583 4236954 OK
27415633321322 11 42692 256133 5227430 OK
27416532133232 11 28800 172778 3521170 OK
27416533321232 11 34977 209836 4276152 OK
27435612122222 11 31074 186430 3800247 OK
27453161123111 11 25668 153986 3137554 OK
27453161132111 11 30117 180694 3682360 OK
27456133132223 11 32695 196154 4000283 OK
27516341111111 11 31648 189849 3862940 OK
27534161111111 11 31480 188851 3842619 OK
27534161111123 11 41803 250795 5110422 OK
27534162311111 11 29131 174768 3560569 OK
27534612311132 11 34080 204460 4165842 OK
27536412332312 11 31500 188980 3858104 OK
27543611111123 11 36988 221912 4521612 OK
27543611111132 11 26280 157649 3211347 OK
27546312231122 11 55421 332504 6789558 OK
27613543333133 11 40543 243232 4966286 OK
27614353311332 11 35195 211151 4311064 OK
27615431312333 11 38347 230065 4691519 OK
27615432113321 11 40574 243416 4961372 OK
27615433313213 11 28208 169214 3450499 OK
27634511131133 11 31655 189905 3868745 OK
27634512233321 11 29632 177768 3622956 OK
27643513311233 11 45899 275381 5621897 OK
31246753312211 11 39137 234804 4788242 OK
31247651113232 11 28175 169038 3445740 OK
31247651323232 11 33261 199548 4067739 OK
31256471231222 11 31511 189045 3860771 OK
31257462222221 11 37563 225362 4594456 OK
31257462312311 11 31093 186545 3803757 OK
31257643311122 11 32681 196067 3998385 OK
31264572122213 11 32192 193131 3935650 OK
31264573132313 11 30976 185839 3784844 OK
31264573222223 11 31805 190811 3888662 OK
31264752132122 11 31995 191945 3918607 OK
31264752313121 11 34068 204392 4170174 OK
31265471111111 11 40524 243126 4947291 OK
31265471122112 11 28456 170713 3479437 OK
31265471122133 11 32571 195399 3981269 OK
31265471312213 11 28940 173620 3537144 OK
31265471313113 11 26870 161197 3284859 OK
31265471321111 11 25322 151909 3096219 OK
31265472233321 11 40605 243612 4965217 OK
31265472312233 11 28940 173617 3536797 OK
31265741233331 11 39988 239902 4898296 OK
31267542222233 11 37415 224470 4579147 OK
31267542313133 11 40578 243444 4965246 OK
31275461112233 11 41219 247289 5048603 OK
31275461322233 11 41616 249683 5097743 OK
31275462133211 11 34747 208457 4254628 OK
31275462223211 11 34903 209399 4273907 OK
31275462311213 11 36611 219659 4483023 OK
31275462312212 11 36974 221822 4526656 OK
31275463311122 11 39765 238566 4868953 OK
31276452133322 11 28663 171958 3506669 OK
31276452313313 11 33709 202235 4123685 OK
31452671323211 11 23844 143043 2915185 OK
31452671332232 11 25282 151668 3090848 OK
31452672322331 11 25401 152387 3105776 OK
31456722111221 11 31914 191462 3904545 OK
31462751111111 11 34200 205181 4174863 OK
31462751113322 11 29378 176249 3590480 OK
31475261322233 11 30697 184167 3755194 OK
31475262331313 11 36748 220472 4494537 OK
31475262333221 11 30550 183287 3737153 OK
31524673332122 11 43299 259778 5303152 OK
31527643332122 11 25577 153433 3127998 OK
31564272212111 11 48972 293812 5987745 OK
31564272213311 11 28404 170401 3474006 OK
31564273113311 11 31029 186148 3793523 OK
31572461122133 11 31640 189815 3868145 OK
31624751112233 11 26924 161524 3290413 OK
31624753312211 11 26404 158395 3226796 OK
31627452221333 11 40692 244134 4987092 OK
31654272313322 11 44636 267791 5464247 OK
31754621331122 11 39272 235610 4802405 OK
31765242322121 11 38329 229951 4697891 OK
32145671111111 11 53840 323022 6571809 OK
32145671123333 11 31026 186133 3789920 OK
32145671132222 11 29087 174505 3554263 OK
32145671221112 11 31193 187134 3811477 OK
32145671333333 11 30956 185715 3782057 OK
32145672113333 11 29171 175005 3563115 OK
32145672212222 11 29563 177355 3610590 OK
32145673112222 11 26378 158244 3223440 OK
32145673311113 11 30136 180790 3680574 OK
32146751232323 11 29950 179682 3661725 OK
32146752232223 11 36829 220949 4502288 OK
32147562313223 11 26405 158407 3229139 OK
32147562333233 11 47308 283824 5784899 OK
32147651123333 11 46104 276603 5650892 OK
32147651132222 11 42025 252126 5155718 OK
32147651213333 11 47507 285017 5828274 OK
32147651312222 11 43761 262549 5364541 OK
32147652113333 11 42597 255564 5222947 OK
32147652231332 11 41277 247641 5064088 OK
32147652233213 11 54437 326606 6672388 OK
32147652331322 11 44780 268654 5493368 OK
32147652332213 11 52671 316013 6456778 OK
32147653112222 11 42884 257286 5260220 OK
32156471111111 11 34461 206751 4208240 OK
32156471113211 11 27391 164320 3348924 OK
32156471232332 11 25223 151311 3084994 OK
32156472312332 11 26629 159749 3257230 OK
32156472332132 11 26223 157315 3208082 OK
32156472332321 11 28827 172946 3524965 OK
32156472333332 11 29826 178935 3645755 OK
32156473223123 11 24467 146773 2993026 OK
32156741112323 11 50030 300152 6114641 OK
32156742311123 11 26946 161657 3294396 OK
32156742313223 11 31937 191606 3906002 OK
32156742333131 11 27046 162247 3307526 OK
32157641232323 11 30116 180676 3683262 OK
32157642231323 11 30352 182090 3710206 OK
32164571111111 11 37520 225101 4580061 OK
32164571111231 11 26103 156592 3191480 OK
32164571232323 11 26865 161161 3284753 OK
32164572232223 11 32003 192000 3910940 OK
32164572232313 11 31941 191624 3903046 OK
32164572233321 11 31169 186991 3810894 OK
32164572312323 11 30077 180433 3677148 OK
32164573323212 11 28453 170689 3478178 OK
32165741111111 11 45046 270264 5503478 OK
32165741111132 11 29009 174039 3547248 OK
32165741233223 11 27874 167220 3409918 OK
32165742211112 11 36537 219204 4466594 OK
32165742331112 11 26864 161151 3284358 OK
32165743311131 11 28458 170713 3478335 OK
32167451111111 11 37707 226217 4601403 OK
32167451213333 11 30012 180053 3668243 OK
32167451222222 11 28836 172997 3522875 OK
32167451312222 11 28649 171868 3500117 OK
32167451333111 11 27700 166174 3385334 OK
32167452211121 11 29635 177787 3619404 OK
32167453222313 11 25560 153329 3123838 OK
32167453313333 11 29577 177443 3612025 OK
32167453321232 11 29153 174889 3561566 OK
32174561112323 11 36551 219288 4465814 OK
32174561232113 11 38101 228586 4657303 OK
32174561232233 11 33668 201993 4116562 OK
32174562231212 11 30531 183156 3732152 OK
32174652312332 11 26157 156926 3199915 OK
32174652332132 11 26686 160095 3265286 OK
32175461111111 11 38671 232002 4720578 OK
32175461113112 11 26752 160486 3271772 OK
32175461221112 11 27665 165967 3382637 OK
32175461333111 11 28555 171301 3491631 OK
32175462233111 11 30146 180847 3684343 OK
32175462312323 11 40073 240406 4899538 OK
32416753121222 11 47239 283424 5785187 OK
32417562113321 11 45202 271202 5534659 OK
32417652132131 11 27901 167391 3412473 OK
32417653132121 11 24236 145386 2963213 OK
32451762331121 11 24716 148268 3022074 OK
32456173212332 11 31682 190068 3883502 OK
32456711233133 11 59944 359643 7339984 OK
32465172112121 11 30644 183834 3745412 OK
32465172132131 11 25099 150565 3070898 OK
32465172133121 11 26280 157661 3214506 OK
32465172332321 11 29405 176414 3595583 OK
32465173123121 11 27561 165342 3371220 OK
32465173132121 11 28364 170157 3469067 OK
32465173133111 11 30695 184143 3752986 OK
32465173233221 11 32838 197010 4015803 OK
32475161232323 11 33492 200926 4101239 OK
32475163331222 11 34404 206398 4213352 OK
32476513232231 11 29145 174848 3563461 OK
32517463131311 11 47262 283563 5788067 OK
32546713323212 11 31869 191195 3899291 OK
32547611121113 11 29610 177649 3618244 OK
32547611131112 11 27492 164920 3358464 OK
32547611213111 11 28111 168644 3433773 OK
32547611312111 11 29437 176600 3595954 OK
32547612111311 11 28619 171691 3496041 OK
32547613111211 11 28102 168589 3432911 OK
32561471113133 11 32319 193884 3948620 OK
32561471121311 11 28985 173887 3540392 OK
32561471122211 11 31339 188007 3827750 OK
32561471131211 11 29253 175497 3573291 OK
32561471211131 11 37074 222419 4528872 OK
32561471311121 11 29661 177932 3622613 OK
32561472133313 11 28128 168742 3434752 OK
32561472213122 11 28020 168090 3422336 OK
32561473222223 11 26530 159159 3240996 OK
32561473323212 11 26895 161345 3286478 OK
32567412122222 11 30866 185166 3776789 OK
32567412131312 11 38210 229241 4675226 OK
32567412222212 11 46959 281724 5745814 OK
32567413131212 11 30320 181900 3709316 OK
32567413133333 11 37146 222857 4545603 OK
32576142313223 11 30304 181807 3703409 OK
32615473332122 11 31228 187347 3818354 OK
32647152133121 11 35582 213470 4352144 OK
32647153132121 11 24414 146465 2985202 OK
32647512333233 11 49509 297033 6054066 OK
32657143121213 11 37260 223542 4563132 OK
32657412111212 11 36627 219735 4483207 OK
32671453123313 11 38339 230026 4695771 OK
32674152113333 11 44292 265739 5422680 OK
32714652332132 11 28237 169394 3457318 OK
32716452123212 11 42254 253515 5173105 OK
32741651121311 11 38744 232441 4734450 OK
32741651131211 11 30628 183745 3742622 OK
32741651211131 11 28512 171053 3483848 OK
32741651311121 11 29642 177836 3621762 OK
32741652111113 11 31242 187431 3817937 OK
32741653111112 11 31209 187239 3813518 OK
32745611223332 11 27232 163374 3334963 OK
32745612313322 11 31727 190350 3880969 OK
32745612322331 11 26548 159269 3251108 OK
32751643321232 11 32811 196850 4013181 OK
32754163211123 11 28252 169486 3451291 OK
32756141233121 11 33548 201274 4109100 OK
32761452121313 11 31174 187027 3813262 OK
32761452122222 11 33129 198751 4052795 OK
32761452222212 11 31049 186281 3797973 OK
32761453121312 11 43458 260730 5314863 OK
32761453133333 11 31746 190452 3882912 OK
32765411112221 11 30817 184878 3764440 OK
32765411121113 11 27955 167704 3415061 OK
32765411131112 11 26664 159967 3257450 OK
32765411133113 11 29156 174901 3562277 OK
32765411331113 11 29126 174727 3559164 OK
32765412221312 11 27705 166211 3385127 OK
32765412323222 11 28804 172809 3518917 OK
32765413122212 11 26453 158696 3232484 OK
32765413223312 11 26262 157549 3211053 OK
32765413231223 11 31230 187357 3816906 OK
32765413322312 11 25953 155686 3173239 OK
34125672131213 11 29827 178943 3648707 OK
34125672131312 11 33173 199024 4058164 OK
34125672221222 11 31097 186568 3803473 OK
34125673133333 11 34092 204535 4170972 OK
34127651121113 11 27850 167080 3402885 OK
34127651131112 11 27516 165067 3361377 OK
34127651213111 11 28276 169636 3454533 OK
34127651312111 11 29534 177184 3609122 OK
34127652111311 11 27751 166490 3390946 OK
34127653111211 11 27976 167831 3418105 OK
34162752132212 11 56823 340918 6959080 OK
34165271112212 11 34018 204087 4155905 OK
34165271121311 11 31463 188765 3843413 OK
34165271131211 11 29472 176810 3599761 OK
34165271211131 11 36201 217189 4422768 OK
34165271311121 11 27655 165904 3377990 OK
34165271311133 11 30436 182590 3717647 OK
34165272323333 11 28376 170230 3465191 OK
34165273133312 11 35568 213386 4346174 OK
34165273222322 11 25459 152728 3111132 OK
34165273311131 11 27961 167740 3415404 OK
34167252213323 11 32456 194709 3970057 OK
34172562132332 11 32080 192464 3929071 OK
34172562313331 11 34345 206045 4203951 OK
34175263321232 11 32979 197849 4031635 OK
34216572213122 11 44345 266057 5429383 OK
34261572132131 11 24922 149505 3050037 OK
34261572133121 11 26164 156963 3200659 OK
34261573123121 11 26735 160385 3271359 OK
34265712212132 11 41586 249490 5093198 OK
34275161312213 11 31173 187011 3811173 OK
34275162112322 11 29997 179959 3669309 OK
34275162213221 11 32973 197816 4033174 OK
34516271111111 11 32285 193694 3941117 OK
34516272312332 11 35269 211586 4313816 OK
34516722313223 11 39556 237318 4839115 OK
34517622231323 11 33073 198419 4042616 OK
34521672223232 11 30619 183693 3741555 OK
34526713232312 11 28226 169327 3451636 OK
34527612211322 11 46466 278771 5696285 OK
34527612231122 11 45233 271379 5546028 OK
34527612231332 11 49595 297559 6084623 OK
34527612331322 11 45202 271190 5545786 OK
34527613312133 11 46038 276213 5644468 OK
34561272122123 11 43029 258156 5278242 OK
34561272122321 11 44916 269473 5510797 OK
34561272212213 11 54592 327539 6690507 OK
34561272213122 11 44657 267921 5475281 OK
34561272232211 11 52760 316544 6467093 OK
34561273221233 11 42647 255861 5231777 OK
34561273233131 11 42239 253412 5182088 OK
34561273311233 11 44271 265609 5427550 OK
34561273313321 11 50484 302886 6188124 OK
34561273321133 11 46038 276199 5644482 OK
34561273321223 11 43272 259608 5308197 OK
34561721111111 11 34977 209843 4271262 OK
34562171321111 11 28180 169056 3446661 OK
34562171321231 11 27520 165093 3365522 OK
34562172232313 11 36372 218213 4445629 OK
34567212223232 11 35677 214045 4360430 OK
34617252111212 11 39095 234545 4788203 OK
34617252123212 11 38727 232341 4743538 OK
34617252132212 11 41362 248154 5068100 OK
34617522221333 11 36838 221002 4512864 OK
34621572132131 11 29153 174896 3569786 OK
34625172111212 11 41864 251163 5124187 OK
34627512232313 11 29481 176861 3603486 OK
34651271123111 11 28788 172704 3519026 OK
34651272332132 11 27473 164817 3359944 OK
34675212222122 11 42770 256609 5239309 OK
34715262221123 11 42004 252003 5148311 OK
34716522223211 11 37388 224313 4576927 OK
34721652121313 11 40100 240586 4908089 OK
34721652131213 11 36338 218009 4444726 OK
34721652221222 11 40612 243655 4970557 OK
34721652222212 11 38175 229031 4669478 OK
34721653333313 11 35862 215148 4387988 OK
34725611212211 11 31829 190954 3887983 OK
34725612111113 11 27412 164452 3348530 OK
34725612121322 11 31701 190188 3871546 OK
34725612231212 11 31778 190646 3880809 OK
34725612231332 11 27853 167106 3403761 OK
34725612322232 11 29766 178565 3636122 OK
34725612331322 11 29394 176344 3592183 OK
34725613111112 11 30126 180738 3679910 OK
34725613111133 11 29246 175456 3571369 OK
34725613132223 11 29408 176419 3593309 OK
34725613311113 11 29327 175940 3582450 OK
34761252323222 11 27750 166472 3390181 OK
35126741232212 11 35141 210830 4301659 OK
35126742231233 11 35021 210113 4286782 OK
35127462331331 11 36876 221236 4520729 OK
35162472122231 11 27979 167853 3421165 OK
35162472123233 11 35784 214683 4375232 OK
35162473122221 11 27517 165084 3365916 OK
35162473323131 11 28009 168029 3425165 OK
35162473332122 11 31110 186631 3807002 OK
35162473332131 11 27738 166404 3393465 OK
35162742213323 11 36070 216396 4415706 OK
35167242132212 11 35244 211443 4316094 OK
35172461232323 11 33459 200740 4098006 OK
35174262213131 11 41982 251877 5137906 OK
35174262231113 11 36958 221728 4523231 OK
35246171111111 11 31264 187553 3815567 OK
35246171113322 11 27150 162876 3317574 OK
35246172213311 11 30248 181471 3696611 OK
35267141223233 11 25600 153578 3129851 OK
35267141321132 11 53477 320840 6537870 OK
35271461322233 11 27737 166406 3393371 OK
35416721113112 11 27698 166167 3387869 OK
35416723232213 11 37438 224615 4576076 OK
35417622223133 11 40541 243218 4962231 OK
35426712131132 11 31036 186194 3795323 OK
35426712311312 11 27474 164817 3359800 OK
35426713111313 11 32932 197565 4024909 OK
35426713131113 11 29836 178991 3646970 OK
35426713312211 11 31452 188690 3847068 OK
35461271111231 11 32252 193494 3944687 OK
35461271321231 11 27482 164871 3361089 OK
35461272222323 11 28541 171218 3488873 OK
35462171131313 11 30545 183256 3733046 OK
35462171212121 11 31988 191904 3910268 OK
35462171221223 11 26300 157779 3218005 OK
35462171332331 11 29471 176798 3606165 OK
35462172213311 11 31477 188840 3849730 OK
35462172223331 11 28726 172334 3512089 OK
35462172312131 11 27848 167064 3405765 OK
35462173123211 11 29241 175422 3575419 OK
35462173131311 11 32650 195876 3991488 OK
35462173221221 11 31410 188437 3844331 OK
35462712322322 11 35044 210243 4290680 OK
35472163222313 11 28624 171718 3499768 OK
35472163231322 11 31718 190284 3877460 OK
35476122221111 11 32506 195011 3975659 OK
35614722321233 11 33911 203449 4145038 OK
35617423131332 11 30885 185297 3778243 OK
35624712121232 11 43849 263075 5373513 OK
35624712321212 11 51043 306249 6255558 OK
35624712321332 11 42903 257391 5261201 OK
35624712331232 11 43250 259483 5304039 OK
35714623111322 11 37382 224279 4574756 OK
35721642221213 11 57471 344808 7038850 OK
35762142222113 11 34568 207398 4232604 OK
36125471111333 11 29722 178315 3630604 OK
36125471212112 11 42045 252239 5140848 OK
36125471213111 11 27175 163023 3319363 OK
36125471222111 11 42793 256733 5232629 OK
36125471312111 11 28570 171405 3490579 OK
36125472111311 11 27061 162339 3305867 OK
36125472121223 11 25946 155651 3169950 OK
36125473111211 11 29097 174567 3554569 OK
36125473232222 11 31820 190894 3888575 OK
36125473323233 11 30776 184632 3759631 OK
36125743222331 11 49403 296403 6048675 OK
36127451333222 11 26669 159994 3266194 OK
36145272122222 11 36202 217187 4428830 OK
36145272131213 11 47078 282441 5760590 OK
36145272131312 11 32184 193083 3938175 OK
36145273333313 11 37063 222361 4535892 OK
36147251121311 11 30593 183544 3738346 OK
36147251131211 11 32055 192305 3917434 OK
36147251211131 11 33347 200067 4074681 OK
36147251311121 11 27914 167467 3410900 OK
36147252111113 11 35664 213961 4358449 OK
36147253111112 11 29939 179608 3658501 OK
36152741231312 11 39518 237103 4839897 OK
36152742131321 11 34873 209220 4269344 OK
36172452133133 11 41797 250759 5119185 OK
36217452131333 11 40546 243256 4966653 OK
36217541223311 11 23891 143316 2920982 OK
36217543213112 11 25169 150986 3077464 OK
36241573212332 11 26306 157815 3222183 OK
36241753212311 11 30553 183289 3734557 OK
36415272123212 11 37627 225738 4606456 OK
36417522123311 11 33805 202812 4136811 OK
36514272212111 11 46914 281465 5736624 OK
36521472113321 11 33022 198114 4040250 OK
36521472331121 11 27799 166772 3404749 OK
36527411131133 11 28056 168321 3427337 OK
36527412111113 11 27643 165840 3376528 OK
36527412131222 11 32459 194735 3965257 OK
36527412211322 11 32752 196493 4002042 OK
36527412221312 11 28450 170681 3475327 OK
36527412231122 11 28753 172497 3512908 OK
36527412322232 11 29215 175270 3568865 OK
36527413111112 11 29168 174981 3562548 OK
36527413311311 11 27328 163934 3338605 OK
36541272323222 11 27452 164686 3353354 OK
36542712121322 11 42475 254832 5201792 OK
36547212121313 11 35838 215014 4384364 OK
36547212122222 11 37979 227847 4645705 OK
36547212131312 11 38162 228948 4667907 OK
36547212221222 11 36204 217197 4428757 OK
36547213331333 11 32626 195736 3991034 OK
36712542121112 11 44185 265093 5414494 OK
36712542121121 11 41380 248263 5074854 OK
36712542121211 11 48710 292236 5969153 OK
36712542122111 11 43629 261754 5349893 OK
36714252232223 11 28521 171101 3485826 OK
36714521232113 11 39368 236200 4812224 OK
36714522121322 11 39135 234795 4784358 OK
36714522122213 11 31717 190284 3876873 OK
36714523132223 11 32256 193511 3943113 OK
36714523132322 11 31639 189805 3868285 OK
36721451131331 11 27828 166951 3400988 OK
36721452121322 11 31848 191067 3889706 OK
36721452122123 11 26537 159195 3243058 OK
36721452122213 11 31831 190958 3887048 OK
36721452122321 11 29731 178366 3633683 OK
36721452131111 11 29421 176501 3594504 OK
36721452223232 11 28474 170818 3478503 OK
36721453113113 11 30933 185574 3780775 OK
36721453121111 11 37589 225518 4592602 OK
36725411121212 11 46932 281576 5752316 OK
36725411131313 11 47076 282440 5769903 OK
36725411212121 11 47216 283277 5787250 OK
36725411313131 11 47406 284418 5810991 OK
36725412111212 11 50835 304982 6231433 OK
36725412121112 11 46974 281819 5757473 OK
36725412121211 11 48368 290186 5929372 OK
36725412121232 11 47216 283268 5787197 OK
36725412123212 11 50009 300029 6130943 OK
36725412321212 11 49190 295121 6029784 OK
36725413111313 11 54179 325056 6641265 OK
36725413131113 11 48696 292160 5968862 OK
36725413131311 11 56893 341352 6974371 OK
36741252122123 11 47547 285256 5832850 OK
36741252122321 11 44396 266348 5447862 OK
36741252122333 11 42885 257288 5258735 OK
36741252123323 11 45911 275441 5628546 OK
36741253233131 11 45257 271520 5552900 OK
36745211211221 11 25921 155497 3167650 OK
36745212121223 11 27047 162257 3304052 OK
36745212122312 11 33796 202763 4129080 OK
36745212122333 11 28723 172318 3509010 OK
36745212123323 11 32279 193652 3943567 OK
36745212131111 11 27142 162826 3315658 OK
36745212223232 11 28512 171048 3483047 OK
36745213121111 11 35008 210022 4276915 OK
36745213131131 11 26627 159733 3252633 OK
36745213133111 11 29214 175252 3569102 OK
36745213232213 11 27874 167218 3404671 OK
36751243222322 11 29185 175099 3569122 OK
36752142122132 11 31137 186800 3807661 OK
36752142123221 11 29162 174954 3566337 OK
36752143132232 11 25931 155562 3172571 OK
36752143133222 11 31572 189412 3864100 OK
36752143211132 11 29469 176794 3603632 OK
36754123232222 11 50596 303561 6204080 OK
37246511112233 11 35725 214337 4366771 OK
37256142321233 11 33590 201518 4108188 OK
37415622333221 11 37808 226830 4624193 OK
37426513132313 11 43354 260106 5312055 OK
37452162323312 11 31207 187220 3817524 OK
37516422333311 11 29629 177755 3624757 OK
37561241311112 11 28793 172734 3519255 OK
37612453122233 11 29186 175097 3570353 OK
37612542221111 11 34269 205594 4189753 OK
37614252221123 11 37257 223513 4564254 OK
37614521111111 11 39272 235607 4793914 OK
37614521323232 11 25573 153412 3126328 OK
37614522111221 11 28989 173910 3543799 OK
37614522113321 11 32951 197687 4026677 OK
37614522313322 11 34345 206042 4196702 OK
37614522323312 11 28784 172674 3518461 OK
37614523232213 11 32435 194586 3963660 OK
37615421113322 11 36178 217048 4430940 OK
37615422211133 11 35962 215752 4403251 OK
37615422223133 11 36441 218629 4462046 OK
37615422313121 11 33897 203359 4150282 OK
37615422313331 11 36394 218347 4455625 OK
37615423121132 11 38461 230749 4709058 OK
37624152311213 11 37292 223731 4565119 OK
37624511232233 11 33741 202428 4125424 OK
37624512121322 11 38957 233724 4762998 OK
37624512231212 11 30114 180666 3680888 OK
37624513131323 11 32092 192534 3922313 OK
37624513231313 11 31293 187742 3824541 OK
37641252222323 11 33165 198968 4055000 OK
37642152213311 11 38960 233733 4766542 OK
37642513122221 11 33484 200888 4102221 OK
37645122312221 11 28291 169718 3460417 OK
37651242211133 11 40356 242111 4939746 OK
37651422312311 11 37977 227844 4644918 OK
37652141113232 11 27379 164250 3348419 OK
37652143231322 11 30926 185530 3780440 OK
37654212311222 11 35641 213828 4360325 OK
41236753232321 11 30196 181155 3690659 OK
41237561313131 11 42444 254649 5197529 OK
41263751312222 11 45864 275171 5617987 OK
41325671212211 11 30840 185018 3770652 OK
41325762313223 11 28648 171867 3505627 OK
41325763131233 11 27411 164442 3353227 OK
41352671212112 11 42702 256194 5235982 OK
41352671212121 11 44047 264267 5397388 OK
41352671222111 11 44288 265716 5430395 OK
41357622313112 11 24595 147546 3006781 OK
41367253111133 11 40397 242357 4940471 OK
41532672313211 11 54361 326151 6635807 OK
41532761233133 11 36067 216385 4418539 OK
41563273113311 11 32360 194136 3957889 OK
41576322212222 11 39827 238948 4876135 OK
41625372313211 11 86069 516402 10516624 OK
41625373121213 11 30259 181535 3700521 OK
41625731222231 11 35147 210870 4306499 OK
41635721212121 11 51582 309480 6317909 OK
41657321222312 11 32332 193969 3964151 OK
41673252212222 11 42039 252215 5146776 OK
41673521111111 11 34321 205908 4189666 OK
41723562313211 11 32765 196574 4005586 OK
41725361232113 11 37005 222012 4527279 OK
41725361321213 11 44621 267707 5463514 OK
41725362221213 11 38194 229156 4675283 OK
41725362313211 11 41357 248123 5056227 OK
41725362313223 11 41474 248822 5078633 OK
41725363121222 11 35586 213499 4356386 OK
41725363121231 11 34064 204365 4171244 OK
41725631111111 11 40919 245498 4997086 OK
41725631211122 11 31784 190684 3885014 OK
41725632322331 11 27789 166712 3398873 OK
41725633111133 11 30070 180397 3674389 OK
41725633121123 11 28982 173864 3543360 OK
41725633211111 11 33165 198973 4054537 OK
41726352313322 11 31552 189290 3857481 OK
41726532312233 11 39137 234801 4790661 OK
41735261323313 11 39218 235292 4798891 OK
41735262312233 11 36823 220925 4501944 OK
41735263123223 11 29610 177647 3623180 OK
41735621233232 11 30695 184140 3762374 OK
41735622313322 11 35938 215611 4399712 OK
41736521233232 11 36850 221085 4512763 OK
41736522332231 11 28596 171555 3498996 OK
41752631222123 11 27058 162321 3308993 OK
41752632311123 11 29643 177837 3623694 OK
41752632312323 11 27244 163448 3331344 OK
41752632313211 11 102259 613532 12490721 OK
41756231321213 11 42739 256422 5231683 OK
41756233121231 11 33349 200076 4082663 OK
41762532221333 11 37227 223347 4558102 OK
41762533123331 11 34201 205183 4187641 OK
41765231233232 11 30366 182177 3719331 OK
41765322221312 11 27651 165890 3382830 OK
41765322313211 11 59678 358048 7292631 OK
41765323122212 11 29154 174911 3566207 OK
42136752131312 11 39632 237774 4854281 OK
42137561123333 11 37457 224720 4587726 OK
42137653122131 11 28334 169982 3465735 OK
42137653132121 11 23894 143335 2921736 OK
42157633231322 11 37692 226138 4612140 OK
42163751121212 11 43600 261582 5337389 OK
42165373223123 11 23702 142185 2897808 OK
42167532131333 11 40686 244101 4983882 OK
42315673112111 11 25439 152610 3110925 OK
42351671212211 11 36822 220910 4500944 OK
42351763231133 11 53903 323397 6598421 OK
42367153111121 11 26088 156499 3188943 OK
42367153211123 11 28637 171798 3499448 OK
42516372233111 11 35689 214121 4363296 OK
42561733323122 11 25223 151312 3084889 OK
42573612323231 11 31345 188045 3834257 OK
42573613322231 11 29054 174305 3554279 OK
42613572313211 11 32721 196307 4000016 OK
42615371313332 11 52460 314743 6423041 OK
42615372213311 11 41821 250907 5120084 OK
42615372221213 11 38180 229057 4674572 OK
42615372313211 11 42664 255971 5216381 OK
42651372213311 11 27711 166248 3390559 OK
42651733311122 11 34872 209213 4265705 OK
42673512232133 11 38289 229710 4683490 OK
42751632321233 11 37169 222999 4544922 OK
42751632323231 11 29698 178164 3632625 OK
43126572133313 11 40039 240209 4902271 OK
43167251232212 11 33792 202727 4139397 OK
43176252123131 11 28201 169176 3445042 OK
43176252311132 11 29998 179961 3664354 OK
43216573132121 11 24982 149873 3057104 OK
43216573132223 11 28001 167987 3424068 OK
43216573212311 11 27465 164772 3359015 OK
43216573212332 11 39476 236836 4833385 OK
43512671313332 11 31619 189691 3871134 OK
43527612312323 11 26663 159949 3259033 OK
43561271111111 11 30100 180578 3674788 OK
43571262122222 11 38394 230346 4702983 OK
43572161111111 11 35968 215786 4391844 OK
43572612312323 11 31528 189152 3857140 OK
43576211123222 11 33488 200916 4100271 OK
43576212112232 11 42056 252330 5148923 OK
43615271333312 11 28500 170979 3488218 OK
43615272113321 11 31654 189895 3870308 OK
43617521223221 11 41501 248988 5087035 OK
43621752213323 11 41672 250008 5102575 OK
43651722323132 11 30338 181996 3708555 OK
43675122222122 11 47423 284521 5812716 OK
43675211221331 11 31835 190978 3902265 OK
43721653231313 11 36572 219410 4476925 OK
43751623123313 11 36960 221747 4527581 OK
43765212222122 11 46370 278212 5679646 OK
45167323322231 11 30475 182825 3729296 OK
45176231131313 11 65651 393880 8047196 OK
45176231133113 11 65465 392764 8028547 OK
45176231331113 11 63564 381361 7797030 OK
45176233131113 11 67413 404455 8261990 OK
45176321131133 11 55764 334572 6819331 OK
45213672221123 11 35461 212739 4342514 OK
45273162222122 11 41122 246711 5037892 OK
45276131131133 11 48702 292206 5954599 OK
45312671222312 11 26715 160260 3268793 OK
45312672223331 11 29801 178785 3643224 OK
45312672233321 11 27882 167270 3409065 OK
45312672313211 11 87662 525957 10705802 OK
45312673132313 11 47881 287266 5851155 OK
45312673222112 11 26568 159385 3251295 OK
45312673231313 11 47254 283501 5774725 OK
45312761113211 11 30641 183830 3747117 OK
45312761133311 11 29255 175508 3576745 OK
45312762221111 11 35862 215151 4386039 OK
45312762311111 11 29380 176259 3593023 OK
45321671212211 11 32081 192473 3920858 OK
45321671221121 11 32062 192343 3920401 OK
45321673113311 11 53198 319164 6502928 OK
45327612222323 11 34242 205430 4189662 OK
45362712122222 11 40656 243914 4978698 OK
45367122223133 11 34805 208810 4257792 OK
45367211111132 11 30921 185510 3780436 OK
45367211211122 11 32730 196362 4001254 OK
45367213111133 11 33228 199345 4061565 OK
45376121131133 11 51492 308934 6295378 OK
45376121331311 11 37671 226012 4608467 OK
45376211333123 11 30494 182946 3731070 OK
45376213131323 11 48388 290314 5912859 OK
45376213333322 11 28252 169491 3454681 OK
45612371133221 11 32088 192502 3924741 OK
45612372331121 11 27090 162509 3312959 OK
45612373112231 11 27795 166746 3398668 OK
45612373132121 11 26528 159149 3245032 OK
45612373132223 11 29245 175446 3575323 OK
45612373322111 11 25663 153948 3138489 OK
45612373332122 11 27357 164121 3346272 OK
45612373332221 11 27579 165453 3373152 OK
45613271331221 11 31263 187549 3832097 OK
45613272233111 11 39379 236256 4820798 OK
45621373123331 11 34425 206535 4216911 OK
45621373211111 11 42980 257860 5263279 OK
45621732212123 11 35861 215154 4387546 OK
45621732233333 11 34369 206205 4205930 OK
45623712332123 11 25216 151279 3083018 OK
45623713322321 11 24162 144943 2954676 OK
45637123132121 11 27775 166630 3396891 OK
45637123332122 11 24343 146033 2976759 OK
45671231132231 11 24723 148322 3022863 OK
45671233112132 11 26583 159464 3250233 OK
45673212212132 11 31957 191726 3913081 OK
45673213211222 11 32647 195867 3998012 OK
45713623223132 11 26315 157871 3217459 OK
45721363321313 11 30578 183436 3742424 OK
45721363322231 11 29514 177066 3611376 OK
45732612233321 11 26596 159556 3250297 OK
45736121122211 11 43224 259331 5286111 OK
46123571111111 11 32357 194115 3949538 OK
46123573232123 11 39599 237578 4840849 OK
46125731333123 11 31795 190745 3897457 OK
46127351131313 11 39930 239555 4890207 OK
46127352131333 11 44898 269371 5503140 OK
46127353131323 11 48264 289564 5911279 OK
46135272133313 11 37691 226123 4615075 OK
46153273131131 11 45625 273739 5583888 OK
46157233333232 11 27833 166983 3403343 OK
46157321331233 11 33239 199416 4072574 OK
46215372121223 11 29449 176675 3602317 OK
46215372313211 11 51067 306379 6238897 OK
46257132211133 11 36244 217447 4434105 OK
46257313312211 11 56683 340079 6938802 OK
46273512122312 11 29518 177092 3610690 OK
46273513221212 11 28078 168446 3434963 OK
46275311123222 11 34432 206576 4216819 OK
46275312112232 11 43259 259541 5297045 OK
46275312132212 11 38153 228901 4670867 OK
46275312232133 11 33607 201618 4114928 OK
46275312313211 11 41074 246431 5021976 OK
46275313121222 11 35378 212257 4331796 OK
46275313312211 11 40883 245273 5005661 OK
46321752111131 11 31206 187213 3815829 OK
46352171211233 11 25477 152838 3114866 OK
46352172113231 11 23611 141642 2886585 OK
46372511221331 11 34472 206806 4226262 OK
46375211211332 11 25602 153586 3131277 OK
46375212113111 11 28108 168633 3436854 OK
46375212132131 11 25535 153187 3124622 OK
46375212132221 11 28173 169019 3446271 OK
46375212332222 11 27534 165180 3366103 OK
46375213112111 11 34875 209226 4266341 OK
46375213123121 11 31822 190911 3894167 OK
46375213333121 11 25906 155412 3168820 OK
46512371331221 11 33523 201121 4110148 OK
46512372113321 11 36508 219018 4469046 OK
46513272332111 11 26986 161889 3301701 OK
46513273113221 11 26876 161233 3288221 OK
46523711331332 11 32081 192463 3934064 OK
46527133111121 11 26114 156657 3191972 OK
46572311223122 11 34263 205556 4192612 OK
46572312132122 11 27950 167677 3420456 OK
46721533123313 11 35638 213802 4364512 OK
47123562232133 11 38975 233826 4767141 OK
47123651233232 11 28859 173125 3532188 OK
47126351233232 11 39297 235763 4816222 OK
47126532133133 11 32950 197684 4034932 OK
47132562311111 11 31544 189234 3857898 OK
47132563222331 11 42131 252765 5158697 OK
47132652233321 11 31436 188597 3846640 OK
47135622132332 11 29481 176872 3607475 OK
47136252133112 11 41616 249678 5094528 OK
47152361233232 11 26022 156116 3185753 OK
47152631322131 11 33448 200662 4096168 OK
47156231332313 11 33572 201421 4104732 OK
47156233211132 11 32102 192592 3924717 OK
47156233223312 11 27709 166236 3390103 OK
47156233233113 11 32717 196285 4000653 OK
47156233322312 11 26602 159594 3255113 OK
47156321111111 11 33838 203005 4132751 OK
47156321133311 11 34213 205249 4182901 OK
47156322132311 11 29017 174081 3548178 OK
47156322313232 11 26805 160797 3276855 OK
47156322332132 11 25019 150081 3060680 OK
47156322332312 11 26150 156878 3198893 OK
47156323223123 11 28836 172980 3528180 OK
47162351322122 11 29315 175871 3587929 OK
47163522131222 11 28061 168344 3432776 OK
47165321232113 11 38038 228207 4654094 OK
47165321322131 11 55348 332070 6776079 OK
47165322132212 11 38121 228709 4666969 OK
47165322133112 11 43500 260981 5326382 OK
47165322232133 11 32765 196563 4012399 OK
47165322313211 11 42851 257093 5239202 OK
47216352131333 11 45732 274381 5600821 OK
47251363131113 11 44365 266168 5432936 OK
47251632131312 11 37884 227282 4639232 OK
47256133212311 11 28947 173657 3540037 OK
47256133321232 11 28581 171456 3493704 OK
47265312122222 11 30745 184451 3760168 OK
47265312131312 11 32044 192254 3918436 OK
47265312313211 11 85960 515742 10504415 OK
47321651311133 11 32132 192770 3929654 OK
47352612123131 11 27602 165587 3371988 OK
47352612311132 11 28430 170561 3472850 OK
47352612313211 11 53730 322362 6558909 OK
47512632312323 11 27295 163750 3335537 OK
47621532232331 11 25032 150166 3060370 OK
47621533231121 11 26137 156789 3194791 OK
47632152233321 11 26572 159409 3247809 OK
47632153212311 11 32667 195976 3992534 OK
47632153232321 11 30061 180340 3674547 OK
47632513212332 11 42073 252417 5150733 OK
47652132231323 11 32610 195644 3988748 OK
47653213211231 11 40779 244652 4987133 OK
47653213232111 11 23871 143198 2918015 OK
51264731113322 11 27635 165785 3377966 OK
51264732213311 11 26059 156329 3184519 OK
51267342312233 11 45981 275875 5628449 OK
51324671211122 11 29983 179876 3665456 OK
51324672212111 11 38740 232421 4736860 OK
51324673113311 11 45654 273900 5582115 OK
51324761111123 11 33735 202386 4131073 OK
51324763113332 11 32491 194924 3981587 OK
51342672212111 11 36973 221813 4519098 OK
51342763312223 11 65541 393225 8011211 OK
51367241211113 11 26517 159082 3241685 OK
51423671221331 11 28054 168300 3435669 OK
51426731111111 11 32988 197900 4026116 OK
51426733312211 11 29933 179575 3657758 OK
51472361131313 11 39823 238920 4875425 OK
51472633331312 11 37789 226716 4628999 OK
51623471321111 11 24007 144012 2934149 OK
51623743313321 11 35276 211634 4321369 OK
51624731312123 11 34200 205173 4186390 OK
51624733323113 11 37281 223678 4567419 OK
51632741323232 11 26655 159904 3257789 OK
51642371122313 11 35856 215115 4390159 OK
51642731113322 11 39119 234700 4787054 OK
51647231113232 11 25646 153859 3135119 OK
51723643131311 11 37613 225655 4605425 OK
51724362122222 11 32573 195418 3982817 OK
51724363121213 11 31985 191893 3910818 OK
51726433123313 11 37944 227647 4647773 OK
51732643121213 11 39661 237947 4856967 OK
51742632323231 11 31360 188143 3835015 OK
51742632323333 11 34045 204252 4163337 OK
52134761232113 11 30104 180605 3678327 OK
52147631121311 11 30471 182814 3723365 OK
52147631131211 11 31817 190887 3888532 OK
52147631211131 11 27378 164242 3345274 OK
52147631311121 11 27955 167715 3415646 OK
52147632111113 11 30250 181471 3696351 OK
52147633111112 11 38991 233935 4764800 OK
52163471112122 11 31654 189894 3866644 OK
52163471213111 11 27188 163107 3321836 OK
52163471312111 11 26824 160924 3276763 OK
52163471333123 11 24808 148825 3033330 OK
52163472111311 11 27088 162505 3308986 OK
52163472131222 11 26620 159686 3252706 OK
52163473111211 11 28712 172249 3507774 OK
52163473111331 11 28370 170196 3467302 OK
52163473221323 11 26602 159583 3250294 OK
52163473323332 11 45648 273860 5580100 OK
52167342121232 11 37583 225483 4600809 OK
52167432121313 11 33803 202795 4135052 OK
52167432122222 11 41287 247708 5049361 OK
52167432131213 11 35955 215706 4398121 OK
52167433133333 11 39916 239478 4881565 OK
52167433331333 11 34246 205459 4189877 OK
52174633223123 11 35538 213206 4352648 OK
52314673311311 11 56298 337776 6884776 OK
52314761322122 11 32009 192036 3920362 OK
52341671111111 11 89648 537872 10948067 OK
52341671122211 11 32760 196538 4002130 OK
52341671311313 11 26603 159586 3250684 OK
52341672211112 11 33073 198425 4040006 OK
52341672232313 11 30733 184374 3753766 OK
52341672323222 11 33480 200850 4090893 OK
52341672323312 11 44005 264008 5379012 OK
52341673133111 11 28228 169339 3449362 OK
52341673232213 11 30119 180687 3679007 OK
52341673232333 11 26859 161131 3280384 OK
52341673323212 11 43226 259325 5283802 OK
52361472121313 11 40948 245674 5011199 OK
52361472131312 11 33851 203091 4141931 OK
52367142211121 11 34600 207576 4230997 OK
52367412322232 11 29042 174226 3548202 OK
52374161112323 11 30014 180062 3663995 OK
52376413222223 11 32460 194735 3972388 OK
52463173212332 11 38853 233100 4756718 OK
52463713212332 11 39010 234030 4775486 OK
52471631223113 11 29232 175367 3574673 OK
52471631323112 11 29975 179825 3664651 OK
52614372313211 11 48529 291160 5930990 OK
52641733212311 11 28399 170378 3473043 OK
52641733232321 11 28913 173452 3535657 OK
52673413232123 11 26984 161883 3298073 OK
52713461232323 11 26631 159753 3254309 OK
52714361232113 11 43986 263902 5378413 OK
52714633213223 11 28878 173246 3532430 OK
52714633223123 11 28915 173464 3538273 OK
52731641233112 11 25440 152622 3111050 OK
52731641323112 11 24522 147108 2998753 OK
52736141322233 11 28880 173260 3534800 OK
52741362313211 11 33347 200065 4074386 OK
52741362313223 11 37960 227750 4643907 OK
52741632122333 11 42705 256209 5235850 OK
52741632123323 11 52739 316416 6467092 OK
52741632212213 11 44676 268042 5477652 OK
52741632212231 11 46449 278671 5698432 OK
52741632232211 11 43295 259747 5306929 OK
52741633221233 11 42616 255673 5228138 OK
52741633313312 11 42036 252195 5156712 OK
52741633313321 11 45316 271868 5554926 OK
52741633321223 11 50116 300679 6147532 OK
52741633323311 11 43800 262782 5373737 OK
52743611111213 11 29067 174385 3551447 OK
52743611111312 11 35905 215416 4387255 OK
52743611112131 11 29044 174250 3548634 OK
52743611113121 11 36524 219124 4462354 OK
52743612131111 11 27690 166114 3382858 OK
52743613121111 11 33533 201177 4096617 OK
52761431111213 11 28846 173064 3524639 OK
52761431111312 11 29044 174253 3548824 OK
52761431112131 11 30222 181308 3691832 OK
52761431113121 11 30630 183756 3742118 OK
52761432131111 11 29421 176510 3594600 OK
52761433121111 11 28257 169523 3452032 OK
52763143222331 11 44632 267780 5463441 OK
52763411222312 11 59137 354796 7257444 OK
52763411333123 11 40244 241440 4939504 OK
52763413222112 11 61160 366940 7505031 OK
52763413223312 11 60996 365953 7485003 OK
52763413322312 11 59200 355171 7264620 OK
53126471231231 11 36065 216365 4414760 OK
53126471231321 11 28819 172890 3525087 OK
53126471321321 11 30849 185064 3777236 OK
53146272123233 11 40757 244517 4983917 OK
53147262123131 11 28371 170205 3466614 OK
53162743312223 11 66426 398529 8119905 OK
53274163211222 11 36927 221536 4523991 OK
53421671321111 11 37937 227602 4638516 OK
53421671321231 11 25280 151654 3090411 OK
53426171112233 11 29244 175444 3577845 OK
53462711113322 11 38110 228643 4663162 OK
53467211321111 11 24127 144735 2949159 OK
53476121323112 11 31485 188895 3850617 OK
53476121323322 11 32434 194586 3966359 OK
53614721212121 11 40192 241131 4921289 OK
53621471331221 11 26396 158354 3233116 OK
53642171111111 11 32539 195206 3971313 OK
53672142221213 11 54385 326293 6659783 OK
53714622233111 11 44739 268423 5477221 OK
53721463223312 11 33309 199823 4083565 OK
53724612121112 11 39563 237360 4843809 OK
53726143333121 11 28453 170689 3481988 OK
53741621323112 11 29219 175289 3572521 OK
53741621332112 11 30136 180803 3685237 OK
53742612323333 11 34592 207534 4230024 OK
53761242121211 11 39233 235373 4804993 OK
53761242221213 11 41541 249225 5091008 OK
53761242321212 11 38936 233585 4768293 OK
53762143222331 11 33201 199190 4069937 OK
53762413322123 11 36384 218293 4452161 OK
54123673233323 11 31724 190317 3876220 OK
54126371331221 11 26841 161021 3287917 OK
54127632131213 11 38614 231662 4723681 OK
54127632222212 11 36633 219782 4480873 OK
54127633131212 11 38587 231502 4722087 OK
54127633133333 11 40443 242643 4949005 OK
54127633333313 11 37588 225513 4600273 OK
54163271133221 11 29759 178533 3644531 OK
54163272233111 11 38752 232486 4739707 OK
54167231121113 11 26974 161823 3295460 OK
54167231131112 11 27372 164212 3343786 OK
54167231221211 11 29194 175146 3568034 OK
54167231333213 11 27028 162139 3303284 OK
54167232112112 11 29018 174081 3546651 OK
54167232133313 11 30768 184587 3757534 OK
54167232333113 11 26870 161191 3284036 OK
54167233232333 11 34663 207954 4235691 OK
54167233331213 11 30585 183483 3735288 OK
54172633132313 11 37792 226727 4626952 OK
54217362233213 11 62340 374016 7635294 OK
54217632132212 11 55753 334497 6828088 OK
54231671123111 11 28956 173710 3539599 OK
54231673123121 11 25361 152138 3101334 OK
54261373123121 11 27511 165038 3369076 OK
54261732231233 11 34012 204059 4166464 OK
54276132233312 11 33105 198608 4050900 OK
54312671131331 11 28467 170773 3480853 OK
54312672212111 11 31142 186833 3806631 OK
54312673311311 11 52942 317631 6471885 OK
54317261113112 11 25468 152787 3113585 OK
54317621111222 11 33380 200261 4082354 OK
54321672212213 11 45168 270981 5536427 OK
54321672212231 11 42291 253725 5187737 OK
54321672232211 11 44194 265146 5417378 OK
54321673313312 11 64030 384160 7852200 OK
54321673313321 11 65828 394951 8067405 OK
54321673323311 11 65582 393478 8042423 OK
54321761211221 11 27629 165750 3378668 OK
54321763113113 11 37365 224167 4570677 OK
54326171111231 11 37580 225457 4594554 OK
54326171112233 11 26652 159893 3257355 OK
54326171321231 11 27093 162536 3311741 OK
54326711112212 11 34557 207320 4226097 OK
54327612223232 11 30212 181243 3691658 OK
54361272223232 11 30799 184772 3763719 OK
54362171113133 11 32086 192494 3924787 OK
54362711111231 11 25669 153991 3137782 OK
54362711323112 11 31338 188010 3832158 OK
54367121112212 11 38119 228696 4661979 OK
54367121113211 11 31437 188595 3844094 OK
54367121113331 11 43450 260684 5312952 OK
54367122211121 11 34853 209094 4262212 OK
54367122311111 11 31480 188860 3849716 OK
54367123311113 11 31361 188135 3833651 OK
54367211132222 11 42566 255376 5222071 OK
54367211213333 11 53165 318978 6521617 OK
54367211222132 11 43395 260351 5324127 OK
54367211333213 11 46211 277243 5670695 OK
54367212211322 11 52844 317040 6478751 OK
54367212231122 11 45010 270045 5518165 OK
54367212233213 11 43276 259636 5305248 OK
54367212332213 11 44456 266719 5450701 OK
54367212333113 11 46619 279691 5718965 OK
54367213112222 11 50159 300934 6152209 OK
54367213312133 11 49131 294754 6023161 OK
54371261113331 11 32827 196938 4014934 OK
54371621113112 11 38482 230869 4704768 OK
54371621113322 11 26392 158334 3225925 OK
54376121322233 11 30813 184861 3770298 OK
54376211111132 11 31662 189951 3871175 OK
54376211111222 11 29197 175164 3569363 OK
54376211113133 11 33023 198125 4036667 OK
54612371112311 11 46840 281023 5733658 OK
54612372222131 11 34533 207174 4229276 OK
54612732112223 11 32630 195764 3992462 OK
54612733322213 11 33063 198359 4045891 OK
54621371133311 11 30464 182770 3723129 OK
54621372211121 11 33334 199975 4074487 OK
54637211132111 11 25753 154495 3147769 OK
54671232221213 11 35082 210468 4297563 OK
54712361323313 11 33273 199623 4076572 OK
54712362223322 11 34925 209524 4274865 OK
54716232222113 11 34551 207284 4232144 OK
54716321112323 11 33443 200636 4083136 OK
54716322313223 11 27610 165638 3374054 OK
54721631111111 11 106636 639792 13022769 OK
54721631122121 11 31245 187448 3818931 OK
54721631311133 11 29643 177835 3620805 OK
54721632133232 11 28901 173385 3532395 OK
54721632212222 11 30839 185010 3766500 OK
54721632212231 11 26888 161305 3286290 OK
54721633231322 11 28691 172124 3505592 OK
54721633313321 11 30844 185040 3768535 OK
54721633333331 11 27100 162569 3310693 OK
54723612131312 11 41728 250354 5103468 OK
54723612221222 11 34146 204856 4176896 OK
54723612222212 11 34962 209757 4276456 OK
54723613121312 11 38378 230249 4694319 OK
54723613333313 11 38762 232562 4741998 OK
54761233322321 11 29830 178969 3653524 OK
54763212322232 11 28360 170147 3465124 OK
56123471222312 11 41449 248675 5087397 OK
56123471223221 11 39343 236032 4829890 OK
56123471331332 11 50362 302160 6181705 OK
56123471333123 11 43254 259495 5309171 OK
56123472322121 11 41602 249588 5105643 OK
56123472331331 11 39037 234192 4791948 OK
56123473133132 11 45961 275749 5640786 OK
56123473133231 11 38690 232120 4748725 OK
56123473222112 11 39995 239948 4908739 OK
56123473223312 11 39896 239349 4896965 OK
56123473322312 11 41365 248169 5076805 OK
56124371111231 11 25043 150226 3060933 OK
56124371232323 11 34423 206514 4206294 OK
56127433332323 11 30701 184186 3750768 OK
56132472333332 11 31211 187245 3816228 OK
56132473211111 11 30293 181745 3703570 OK
56132473213211 11 30294 181750 3705072 OK
56143273332323 11 37903 227404 4631003 OK
56147231222132 11 67104 402607 8231070 OK
56147231333213 11 41678 250041 5114619 OK
56147232233213 11 43433 260568 5325791 OK
56147232332213 11 44897 269355 5504135 OK
56147232333113 11 43485 260880 5334792 OK
56147322333233 11 38866 233180 4752163 OK
56173421113112 11 25402 152394 3105654 OK
56174232323333 11 34303 205798 4192711 OK
56174321232113 11 42137 252814 5152904 OK
56213471111111 11 34813 208861 4249309 OK
56213743313333 11 40839 245006 5000344 OK
56243173133111 11 37200 223181 4553283 OK
56243713121333 11 38089 228518 4662793 OK
56247132333233 11 31341 188036 3831366 OK
56271433111313 11 41820 250899 5122007 OK
56271433123313 11 40770 244602 4995838 OK
56271433132313 11 42870 257208 5251135 OK
56274132331133 11 33264 199566 4074511 OK
56274312313211 11 48723 292318 5955195 OK
56321473233323 11 27782 166672 3394644 OK
56321742211112 11 41436 248600 5067320 OK
56324171221331 11 27208 163223 3332173 OK
56327411211332 11 27432 164571 3359320 OK
56327413213112 11 27106 162610 3319449 OK
56341273121213 11 39722 238308 4858218 OK
56341273131212 11 35621 213699 4357958 OK
56347122333233 11 35641 213830 4357499 OK
56347211213111 11 28089 168506 3431162 OK
56347211222132 11 28707 172212 3507461 OK
56347211312111 11 26600 159573 3249357 OK
56347211331131 11 25862 155141 3160483 OK
56347212111221 11 46760 280541 5715343 OK
56347212111311 11 35319 211893 4315789 OK
56347212123233 11 32444 194639 3963189 OK
56347212232223 11 31195 187152 3810334 OK
56347213111211 11 33834 202980 4133900 OK
56347213131332 11 29674 178023 3625555 OK
56423171231231 11 24958 149729 3055390 OK
56423171231321 11 30469 182796 3726192 OK
56423171321321 11 27474 164828 3362102 OK
56423172112121 11 31321 187905 3829538 OK
56423173132121 11 28303 169796 3462411 OK
56423173133111 11 31031 186154 3794371 OK
56432713122122 11 32505 195008 3978397 OK
56712341232113 11 28425 170519 3472726 OK
56712343211123 11 31195 187138 3811210 OK
56721343123331 11 33547 201259 4109611 OK
56721432312233 11 39072 234407 4778109 OK
56723411113313 11 28878 173243 3527719 OK
56723411121113 11 29353 176100 3586348 OK
56723411131112 11 26938 161607 3290924 OK
56723411222312 11 26379 158250 3225373 OK
56723412122312 11 25865 155165 3160529 OK
56723412323222 11 28307 169810 3457857 OK
56723413221212 11 27283 163667 3333543 OK
56723413222112 11 26850 161079 3282689 OK
56723413331111 11 27323 163901 3337424 OK
56732143122113 11 37674 226021 4613984 OK
56741231121311 11 28432 170569 3474341 OK
56741231131211 11 36878 221251 4506591 OK
56741231211131 11 35812 214852 4375996 OK
56741231311121 11 27409 164428 3349040 OK
56741232111113 11 31375 188225 3833944 OK
56741233111112 11 31006 186019 3788928 OK
56743212122222 11 34255 205512 4191055 OK
56743212221222 11 40623 243724 4971963 OK
56743213121213 11 42362 254154 5183546 OK
56743213121312 11 36814 220866 4503787 OK
56743213331333 11 40018 240091 4896967 OK
57123461111111 11 33050 198271 4033416 OK
57164322131312 11 30813 184852 3767497 OK
57214361323232 11 25585 153490 3127420 OK
57214632212213 11 55385 332279 6781605 OK
57236141113232 11 27916 167480 3412117 OK
57236141322233 11 27117 162674 3314349 OK
57236141323232 11 39641 237823 4846033 OK
57241631322113 11 24638 147804 3012909 OK
57241631323112 11 23878 143238 2919393 OK
57246131112233 11 30883 185281 3778870 OK
57264132111323 11 34419 206482 4212690 OK
57321641311112 11 28608 171622 3496605 OK
57321642311132 11 28716 172271 3508751 OK
57364212213311 11 38815 232877 4747777 OK
57364212313211 11 32784 196678 4005851 OK
57364213332122 11 25694 154142 3144489 OK
57642311113322 11 28676 172035 3504555 OK
61234572231323 11 31553 189306 3857046 OK
61234573232213 11 28442 170630 3476668 OK
61235741313131 11 49835 298990 6104749 OK
61257343232123 11 28322 169911 3461985 OK
61274351313131 11 37814 226865 4629271 OK
61274532231323 11 31081 186468 3799403 OK
61352472233321 11 26545 159241 3243694 OK
61352472313211 11 52544 315243 6414297 OK
61452731311313 11 38819 232898 4752083 OK
61453721111111 11 34032 204172 4154987 OK
61453721311112 11 27426 164538 3352073 OK
61453723111121 11 27082 162475 3309668 OK
61472532123332 11 30323 181917 3706306 OK
61472533112111 11 25674 154012 3140032 OK
61527431111111 11 35567 213375 4342222 OK
61534272311132 11 35373 212213 4323782 OK
61534721112311 11 30555 183314 3735669 OK
61534721113211 11 28815 172861 3522492 OK
61543271111111 11 37330 223951 4557688 OK
61543271112311 11 31580 189460 3858362 OK
61572432312323 11 28870 173200 3532052 OK
61734523222331 11 39297 235757 4811553 OK
62134572321323 11 37589 225517 4606734 OK
62135471122121 11 30905 185412 3779003 OK
62135472132131 11 26639 159819 3258706 OK
62135473122131 11 25750 154474 3149828 OK
62135473123121 11 33629 201754 4116800 OK
62135473131131 11 30874 185225 3774982 OK
62135473132121 11 30199 181171 3694650 OK
62135473232231 11 28429 170550 3477769 OK
62135473322321 11 30310 181844 3707269 OK
62135743222331 11 31379 188250 3846058 OK
62135743312223 11 52501 314983 6423035 OK
62147353123121 11 28938 173608 3539495 OK
62147353132121 11 24470 146796 2992173 OK
62154733321121 11 25847 155057 3160142 OK
62157342132212 11 36704 220205 4496012 OK
62173543232132 11 28495 170940 3485113 OK
62174351122133 11 39733 238383 4864939 OK
62174533311212 11 35915 215469 4394185 OK
62317453112111 11 25152 150892 3074912 OK
62317453312211 11 40509 243031 4953033 OK
62351743112123 11 46495 278952 5686143 OK
62371453311311 11 34868 209189 4264734 OK
62374511322311 11 24601 147584 3007987 OK
62374513112321 11 28963 173760 3540682 OK
62374513312112 11 23509 141033 2874132 OK
62435172211133 11 42309 253833 5179345 OK
62435172311132 11 45422 272514 5558418 OK
62435711222222 11 28449 170663 3480156 OK
62453713311122 11 35884 215282 4389388 OK
62471532232133 11 29687 178095 3631417 OK
62475131322323 11 28635 171794 3502955 OK
62531472321233 11 31571 189416 3860932 OK
62543711211113 11 30940 185626 3782931 OK
62543711311112 11 26126 156729 3193616 OK
62571432321233 11 38713 232268 4734620 OK
62735143223213 11 34697 208160 4244908 OK
63125741112323 11 52440 314617 6415546 OK
63125743131233 11 27866 167162 3409189 OK
63125743133312 11 29519 177093 3611785 OK
63142571111111 11 32245 193439 3936171 OK
63142571132321 11 44833 268976 5481881 OK
63142573112123 11 43570 261392 5327060 OK
63172452312323 11 25987 155890 3175426 OK
63172452313211 11 53463 320754 6526557 OK
63174522332132 11 28342 170027 3470060 OK
63247511123132 11 26609 159640 3253458 OK
63251743133231 11 40091 240528 4914136 OK
63452711311313 11 30836 184987 3771073 OK
63452712333221 11 29083 174478 3556867 OK
63471522123131 11 32763 196553 4003484 OK
63471522323132 11 35915 215470 4391056 OK
63471522332132 11 29328 175949 3585945 OK
63472512123332 11 32267 193574 3946037 OK
63512743313333 11 41701 250188 5106304 OK
63541271212211 11 49208 295226 6018391 OK
63542713121333 11 45753 274498 5601693 OK
63574212123131 11 28152 168889 3438879 OK
63574212313211 11 45593 273530 5566340 OK
63712542221111 11 30321 181907 3707398 OK
63714252123131 11 35340 212021 4319889 OK
63714521112323 11 34280 205652 4188882 OK
63714522332132 11 25923 155509 3172562 OK
63721541233322 11 29514 177071 3610887 OK
63724153121213 11 40855 245116 4996276 OK
63725141112323 11 50430 302564 6166906 OK
63725141233121 11 34161 204952 4183597 OK
63725142123131 11 46164 276978 5649000 OK
63725142223133 11 41758 250527 5113513 OK
63725143122113 11 38373 230227 4699024 OK
63725143123313 11 53946 323670 6605256 OK
63741252222323 11 32023 192120 3914274 OK
63741522123131 11 33046 198252 4040619 OK
63742511232221 11 32702 196197 4003260 OK
63745123122212 11 27980 167859 3422622 OK
63751242221321 11 39058 234337 4786793 OK
63751423122311 11 34470 206799 4219965 OK
63752141111111 11 41943 251637 5124537 OK
63752141122211 11 35296 211743 4315154 OK
63752141123213 11 27622 165708 3377317 OK
63752142332132 11 25502 152988 3120252 OK
63752143123223 11 26724 160314 3269175 OK
63752143212323 11 26188 157096 3201201 OK
63752143223123 11 30721 184302 3759368 OK
63752411223212 11 26844 161046 3283408 OK
63752411333213 11 45244 271433 5530836 OK
63752412312323 11 35010 210041 4279985 OK
63752412322112 11 28097 168564 3436671 OK
63752412333113 11 45129 270749 5517392 OK
63754213122122 11 29363 176161 3597172 OK
64125371131313 11 46145 276851 5651889 OK
64157321133212 11 61253 367497 7499936 OK
64231572311132 11 33742 202425 4125168 OK
64257131113223 11 29916 179478 3660409 OK
64271533221212 11 31813 190859 3891394 OK
64275131212223 11 35892 215333 4393660 OK
64275131312123 11 34662 207955 4243889 OK
64275132211133 11 42868 257190 5247752 OK
64275132232133 11 41495 248946 5079910 OK
64275133231112 11 39268 235591 4807195 OK
64275133312211 11 33029 198152 4044151 OK
64275311112332 11 31672 190009 3875365 OK
64275311222222 11 27444 164646 3357539 OK
64275313312211 11 29270 175602 3581709 OK
64321572111131 11 35193 211138 4302591 OK
64321572132131 11 29242 175421 3575282 OK
64321572311132 11 32793 196724 4007103 OK
64325713121222 11 58396 350358 7151928 OK
64351272132131 11 29330 175961 3591559 OK
64357212313211 11 33690 202126 4116644 OK
64357213231322 11 40744 244445 4982068 OK
64357213312211 11 37226 223343 4553704 OK
64531271212211 11 47598 285562 5820055 OK
64531272132131 11 26791 160723 3278831 OK
64531273122131 11 26255 157506 3212328 OK
64531273123121 11 34399 206376 4212782 OK
64531273311311 11 28808 172825 3520802 OK
64531273312211 11 26787 160693 3275930 OK
64572131122223 11 29173 175028 3568787 OK
64713253112111 11 25064 150357 3063819 OK
65123471112311 11 28309 169832 3461648 OK
65123471233232 11 24538 147207 3003437 OK
65123472312311 11 29422 176506 3598416 OK
65132471212112 11 30591 183528 3740162 OK
65132471222111 11 29571 177411 3615708 OK
65132471231321 11 34036 204193 4160855 OK
65132471323121 11 32775 196633 4008134 OK
65132472131231 11 26643 159837 3259179 OK
65132472212231 11 44139 264814 5397506 OK
65132472233321 11 34927 209540 4269567 OK
65132473111331 11 34044 204236 4161883 OK
65132473313312 11 27677 166033 3385409 OK
65132473323311 11 28314 169861 3463533 OK
65132741223323 11 27570 165401 3373377 OK
65132743222331 11 34537 207206 4228376 OK
65134721233232 11 31120 186694 3812607 OK
65147321232113 11 39876 239234 4875868 OK
65172431132333 11 33696 202149 4123995 OK
65174232123131 11 29335 175994 3585331 OK
65174232133313 11 29128 174738 3560039 OK
65174232323312 11 32347 194062 3953693 OK
65174233323212 11 32148 192868 3929793 OK
65174233331213 11 30610 183633 3741237 OK
65174322313211 11 31430 188545 3839656 OK
65174323223123 11 30764 184566 3765196 OK
65213741111111 11 34374 206226 4196112 OK
65241371111111 11 32966 197769 4023715 OK
65243712121322 11 43522 261111 5328860 OK
65271341332331 11 32035 192186 3927815 OK
65271432231233 11 32748 196465 4011037 OK
65274131111111 11 38805 232810 4737285 OK
65274131311313 11 26883 161266 3286724 OK
65274131312213 11 30320 181883 3705355 OK
65274132123332 11 29219 175288 3571083 OK
65274133132223 11 29064 174352 3552752 OK
65274133232321 11 26192 157122 3202105 OK
65274133312223 11 28504 170990 3483099 OK
65314272311132 11 27039 162205 3302932 OK
65314272313211 11 45014 270065 5495713 OK
65321472111122 11 34558 207335 4226506 OK
65417321232113 11 28145 168844 3438813 OK
65417323223123 11 25896 155352 3166383 OK
65417323232123 11 28113 168655 3436667 OK
65423713321322 11 31320 187899 3834431 OK
65432173232321 11 30620 183699 3744845 OK
65471231132213 11 36705 220201 4492068 OK
65714323223123 11 30040 180216 3677668 OK
65723143321313 11 28046 168252 3431193 OK
65732411333123 11 59753 358495 7332304 OK
65742311212313 11 27525 165125 3365913 OK
67132541133311 11 48876 293242 5978076 OK
67145323133312 11 30764 184555 3764097 OK
67154233323332 11 45355 272115 5562754 OK
67215343333133 11 37940 227625 4649497 OK
67231541323112 11 35762 214553 4373277 OK
67231543323122 11 35898 215372 4389747 OK
67234513332122 11 28047 168261 3435121 OK
67245131313323 11 29238 175415 3576375 OK
67245311112311 11 43259 259534 5297900 OK
67245311133233 11 34938 209613 4281046 OK
67254311131133 11 46975 281835 5743937 OK
67254313311113 11 29096 174553 3556627 OK
67312452233321 11 29879 179254 3655688 OK
67312541121221 11 29060 174331 3554649 OK
67312542221111 11 37092 222530 4536974 OK
67321451111123 11 28078 168444 3432848 OK
67321451112311 11 30173 181011 3688679 OK
67321451212211 11 48920 293490 5981624 OK
67321451311133 11 31407 188423 3839803 OK
67321452111122 11 29217 175284 3571214 OK
67321453113311 11 32752 196496 4004032 OK
67321542232133 11 30981 185862 3789446 OK
67341252222323 11 32944 197637 4028899 OK
67342512222113 11 33178 199043 4064091 OK
67345122223133 11 43349 260076 5306238 OK
67345122232133 11 41827 250941 5119776 OK
67345211111123 11 28025 168128 3426224 OK
67345211111132 11 30232 181374 3696082 OK
67345211112233 11 29117 174678 3560126 OK
67345211113322 11 28226 169341 3451748 OK
67345211211122 11 31342 188025 3830552 OK
67345211311133 11 30884 185280 3774732 OK
67345212111122 11 28325 169930 3462118 OK
67345213111133 11 33344 200040 4075196 OK
67354121111111 11 32412 194433 3958942 OK
67354211212121 11 31848 191067 3892069 OK
67354211313113 11 46505 279005 5683792 OK
67354211333111 11 46320 277898 5661505 OK
67354212111221 11 32220 193303 3939002 OK
67354212212222 11 30232 181374 3695155 OK
67354212311132 11 30580 183452 3736862 OK
67354213111313 11 37229 223355 4549842 OK
67354213131311 11 35518 213095 4340684 OK
67354213211132 11 30175 181032 3688870 OK
67354213313333 11 30396 182355 3715781 OK
67412353132121 11 35047 210263 4286706 OK
67412353332221 11 27306 163811 3339244 OK
67412531131133 11 33412 200448 4086313 OK
67435121332112 11 25295 151743 3093227 OK
67435123123121 11 25417 152481 3108136 OK
67452313321232 11 35912 215441 4393652 OK
71234563231322 11 33746 202464 4126419 OK
71263541333222 11 42738 256403 5226779 OK
71263542323123 11 43158 258923 5277510 OK
71264533131323 11 43307 259822 5307590 OK
71264533221323 11 42721 256308 5239075 OK
71264533231223 11 50016 300078 6132508 OK
71264533231313 11 45604 273615 5588291 OK
71326451211311 11 28039 168218 3428692 OK
71326453132121 11 27405 164405 3351741 OK
71326543333313 11 40544 243239 4965475 OK
71345262132131 11 31627 189744 3867616 OK
71362453113311 11 33326 199928 4075431 OK
71365423331312 11 38380 230272 4701189 OK
71423563213232 11 31547 189259 3866954 OK
71423653213232 11 29608 177626 3623887 OK
71426353312211 11 31560 189336 3861379 OK
71426533333223 11 35662 213962 4367190 OK
71432561232323 11 31887 191297 3897415 OK
71432561323232 11 24863 149152 3040195 OK
71432562111221 11 29723 178313 3633356 OK
71432563232213 11 31654 189898 3868148 OK
71432563323113 11 26786 160692 3275641 OK
71432563323122 11 28743 172432 3515575 OK
71432563332113 11 27000 161979 3300054 OK
71435261322233 11 36923 221512 4522496 OK
71435262222122 11 33478 200851 4099829 OK
71435263211123 11 39218 235291 4799320 OK
71435263311122 11 36631 219763 4484288 OK
71435263333133 11 37311 223852 4568241 OK
71435263333223 11 37664 225967 4612617 OK
71435623333331 11 36787 220709 4499133 OK
71436253333112 11 40398 242375 4943314 OK
71452363213232 11 28886 173292 3536480 OK
71452632222131 11 38585 231489 4723843 OK
71453262222221 11 30918 185496 3782806 OK
71453623311122 11 42085 252494 5150915 OK
71456321322323 11 29274 175617 3579851 OK
71456322111221 11 30652 183898 3748110 OK
71462531113322 11 36726 220345 4491483 OK
71462532111212 11 31676 190040 3871357 OK
71462532121112 11 32699 196170 3997289 OK
71462533111223 11 39303 235801 4807221 OK
71462533221113 11 32181 193075 3935917 OK
71463523331222 11 32855 197109 4022827 OK
71523463131311 11 41756 250512 5116141 OK
71523463231313 11 43217 259290 5295304 OK
71523463331312 11 41179 247050 5047110 OK
71532463221332 11 31805 190807 3897566 OK
71534262122222 11 40365 242170 4937231 OK
71542633132322 11 31069 186392 3801565 OK
71543622111131 11 26303 157794 3215444 OK
71543623111121 11 29253 175488 3575400 OK
71546233331213 11 40092 240529 4909014 OK
71546322231212 11 41554 249308 5088564 OK
71562433123232 11 29978 179848 3666661 OK
71563243221221 11 33602 201588 4119989 OK
71625433213133 11 53743 322438 6582798 OK
71643252231212 11 40884 245286 5005816 OK
71643523331213 11 42044 252251 5147029 OK
72134562312212 11 38009 228036 4653549 OK
72136541322233 11 28226 169336 3449548 OK
72143563222331 11 28511 171044 3492186 OK
72143651121113 11 28691 172129 3505421 OK
72143651131112 11 30546 183271 3732118 OK
72143651213111 11 27776 166636 3393936 OK
72143651312111 11 27330 163961 3338607 OK
72143652111311 11 27832 166974 3400652 OK
72143653111211 11 27697 166154 3383912 OK
72145631233223 11 27212 163253 3332279 OK
72145633232231 11 27311 163847 3344456 OK
72145633312223 11 44187 265107 5403122 OK
72146352232223 11 32665 195962 3994576 OK
72163452122222 11 40517 243084 4957678 OK
72163453121213 11 34090 204528 4171129 OK
72163453131212 11 38520 231103 4714149 OK
72163453133333 11 32959 197730 4032365 OK
72163453331333 11 40588 243508 4966225 OK
72164353131113 11 39572 237417 4845106 OK
72165431113331 11 28236 169384 3448982 OK
72165432111113 11 29347 176058 3585197 OK
72165432111122 11 39037 234195 4768818 OK
72165432211112 11 32094 192543 3919544 OK
72165432323312 11 28370 170198 3466775 OK
72165433111112 11 27588 165505 3369861 OK
72165433121333 11 30486 182890 3723114 OK
72165433221233 11 29020 174094 3546254 OK
72165433233323 11 31378 188239 3833168 OK
72165433321223 11 26974 161820 3296358 OK
72165433331213 11 29756 178513 3633899 OK
72345611111111 11 38436 230597 4690000 OK
72345611133113 11 26400 158377 3225894 OK
72345611221223 11 23999 143968 2934149 OK
72345611222222 11 26054 156308 3183389 OK
72345611331332 11 28102 168596 3436684 OK
72345612122111 11 30068 180382 3674272 OK
72345612331331 11 23786 142684 2907992 OK
72345613221221 11 25346 152053 3099367 OK
72345613333331 11 32054 192308 3916862 OK
72356141112323 11 30835 184982 3764760 OK
72356141232113 11 28454 170696 3476829 OK
72356143211123 11 27250 163475 3329088 OK
72361453232333 11 27358 164130 3342880 OK
72361542333233 11 48880 293258 5978329 OK
72365412222212 11 29897 179357 3657038 OK
72365413121312 11 42540 255225 5202578 OK
72365413131212 11 31085 186493 3801873 OK
72365413331333 11 31683 190087 3875969 OK
72435163333313 11 44913 269471 5492177 OK
72513641232323 11 28381 170258 3470941 OK
72513641233322 11 33089 198513 4047569 OK
72516342313223 11 30805 184800 3769602 OK
72531463321232 11 33917 203492 4146316 OK
72534163211123 11 35356 212121 4322480 OK
72541631111213 11 29047 174268 3548535 OK
72541631111312 11 32296 193758 3945589 OK
72541631112131 11 30239 181408 3693565 OK
72541631113121 11 31417 188477 3837733 OK
72541632131111 11 27750 166477 3390641 OK
72541633121111 11 34407 206428 4204152 OK
72543162311111 11 26461 158743 3233916 OK
72543163211111 11 29384 176279 3592005 OK
72543611221223 11 38723 232312 4753907 OK
72543611223221 11 40563 243357 4979318 OK
72543611331332 11 45809 274829 5622167 OK
72543611332331 11 41131 246762 5048828 OK
72543612331331 11 38928 233535 4778890 OK
72543613132232 11 49622 297707 6089843 OK
72543613133222 11 40072 240407 4919058 OK
72543613221221 11 41881 251263 5140395 OK
72543613223312 11 46225 277327 5673901 OK
72543613322312 11 47798 286774 5866618 OK
72546311323112 11 27365 164166 3348243 OK
72546313323212 11 30604 183598 3741650 OK
72561342313223 11 41136 246802 5030216 OK
72561432213122 11 48639 291817 5962275 OK
72561433221233 11 43096 258554 5287403 OK
72561433311233 11 55494 332945 6802310 OK
72561433321133 11 46257 277520 5671803 OK
72561433321223 11 45630 273762 5598041 OK
72563411111213 11 28605 171608 3494657 OK
72563411111312 11 28089 168505 3431353 OK
72563411112131 11 38606 231622 4716017 OK
72563411113121 11 30673 184015 3746970 OK
72563412131111 11 27828 166944 3400296 OK
72563413121111 11 27444 164641 3352817 OK
72643513212311 11 28834 172986 3525853 OK
72643513212332 11 26760 160538 3274741 OK
73125463133132 11 32007 192021 3924127 OK
73146522113231 11 26028 156153 3183368 OK
73246153312211 11 27828 166949 3401063 OK
73456123231322 11 31741 190424 3882516 OK
73516243323113 11 27529 165153 3369032 OK
73516243332131 11 29362 176149 3593396 OK
73541262321212 11 36741 220413 4497508 OK
73542163321133 11 36865 221168 4516752 OK
73542613132121 11 26888 161310 3290725 OK
73542613132322 11 27478 164839 3359605 OK
73564213321322 11 35515 213066 4350811 OK
73614251112323 11 36605 219618 4472133 OK
73615241112323 11 48536 291194 5936889 OK
73615241113322 11 39645 237848 4856304 OK
73615242223133 11 38576 231435 4725094 OK
73615243123313 11 36468 218791 4466417 OK
73615243213313 11 37708 226231 4618404 OK
73615243331312 11 36715 220273 4496982 OK
73615243332311 11 38049 228280 4659928 OK
73615421113322 11 28539 171218 3491546 OK
73615423213211 11 37933 227574 4639637 OK
73615423333331 11 30060 180342 3677216 OK
73624513121132 11 48611 291651 5952432 OK
73624513332131 11 43602 261603 5344079 OK
73625141112323 11 35811 214846 4375749 OK
73625143121213 11 30397 182359 3716868 OK
73625143333313 11 31731 190368 3881071 OK
73625412222323 11 31183 187074 3812773 OK
73642511111111 11 41181 247071 5028115 OK
73642511113232 11 35348 212070 4321913 OK
73642511113322 11 35206 211213 4305193 OK
73642513223222 11 38460 230755 4705635 OK
73645121113211 11 34734 208387 4253871 OK
73645122222311 11 33191 199129 4066589 OK
73645211223113 11 25283 151678 3092961 OK
73645211231111 11 32343 194040 3953428 OK
73645211321111 11 25293 151726 3092875 OK
73645211332112 11 26299 157765 3218154 OK
73645213112231 11 27315 163867 3340317 OK
73645213333112 11 28981 173871 3544848 OK
73651241113322 11 30524 183129 3734229 OK
73652413211312 11 32642 195831 3995856 OK
73652413331321 11 36672 220018 4489194 OK
73654122111122 11 40671 244001 4971423 OK
73654122221111 11 28300 169770 3459287 OK
73654211111132 11 33348 200067 4084432 OK
74123563323221 11 26164 156958 3200708 OK
74123652322121 11 40564 243362 4978262 OK
74123653132232 11 51927 311534 6371602 OK
74123653133132 11 42232 253368 5182978 OK
74123653133222 11 41825 250919 5133324 OK
74123653133231 11 38517 231080 4727945 OK
74125631313311 11 27714 166249 3385193 OK
74125632121121 11 28961 173750 3538950 OK
74125632122111 11 26829 160955 3278022 OK
74125632131111 11 27691 166122 3382833 OK
74125632321332 11 26890 161314 3285813 OK
74125633121111 11 33855 203115 4136497 OK
74125633131233 11 26364 158162 3221045 OK
74125633132232 11 23970 143794 2930401 OK
74125633133222 11 25341 152032 3098700 OK
74125633133312 11 33748 202463 4124201 OK
74125633332323 11 31705 190208 3873351 OK
74126352333122 11 37407 224421 4576006 OK
74132561321231 11 35186 211098 4302190 OK
74132562121121 11 32684 196084 3996635 OK
74132562122111 11 30597 183568 3741439 OK
74132563131221 11 37674 226024 4609609 OK
74132563132112 11 30734 184384 3759940 OK
74136522322121 11 37942 227628 4656405 OK
74152363132232 11 37311 223848 4579430 OK
74152363133132 11 37565 225366 4610090 OK
74152363133222 11 42442 254628 5207708 OK
74152363133231 11 37489 224905 4600845 OK
74156322122123 11 28581 171453 3495287 OK
74156322122321 11 29284 175686 3581301 OK
74156322313223 11 29335 175982 3587479 OK
74156323132331 11 27678 166050 3385632 OK
74156323133123 11 28568 171386 3494781 OK
74163251121122 11 31798 190774 3884522 OK
74163252112211 11 29470 176797 3599772 OK
74163252131111 11 31756 190512 3879947 OK
74163253121111 11 31517 189077 3850754 OK
74163253131332 11 26486 158893 3235762 OK
74163253133132 11 26066 156378 3186705 OK
74163253133213 11 28251 169477 3452036 OK
74163253133231 11 26894 161344 3288328 OK
74163253332323 11 28889 173314 3529182 OK
74165231121212 11 49694 298151 6091603 OK
74165231131313 11 46730 280356 5728376 OK
74165231212121 11 47321 283904 5800418 OK
74165231313131 11 48817 292877 5983059 OK
74165232111212 11 49367 296182 6051613 OK
74165232121112 11 46966 281768 5756915 OK
74165232121211 11 47552 285301 5828774 OK
74165233111313 11 51380 308262 6298444 OK
74165233131113 11 47134 282789 5777365 OK
74165233131311 11 50015 300066 6130305 OK
74165233131323 11 47376 284241 5807332 OK
74165233132313 11 50991 305928 6251436 OK
74165233231313 11 51045 306249 6256799 OK
74213652323132 11 27367 164182 3345115 OK
74251633111313 11 37395 224341 4577236 OK
74256311321222 11 52024 312126 6370271 OK
74256313111232 11 60491 362931 7406430 OK
74265312333233 11 31460 188744 3846782 OK
74312652333332 11 31386 188298 3840581 OK
74321563311131 11 33681 202073 4119034 OK
74321653233323 11 34308 205831 4192368 OK
74325163131323 11 36519 219100 4471892 OK
74325612221222 11 29797 178759 3645271 OK
74325613121312 11 37983 227878 4646257 OK
74325613131212 11 29836 178993 3650181 OK
74325613133333 11 32009 192030 3916105 OK
74361253112132 11 36028 216147 4410808 OK
74361253211231 11 26312 157853 3222076 OK
74365211121221 11 28780 172650 3517214 OK
74365211213111 11 27142 162826 3315423 OK
74365211312111 11 26784 160684 3271595 OK
74365211313113 11 29644 177835 3621548 OK
74365211333111 11 29525 177124 3606992 OK
74365212111311 11 27334 163976 3339461 OK
74365212222323 11 28132 168766 3436273 OK
74365212333332 11 26744 160443 3268585 OK
74365213111211 11 28632 171764 3497746 OK
74365213121333 11 27914 167463 3408943 OK
74512361322233 11 36395 218351 4447596 OK
74512362313223 11 27204 163201 3323999 OK
74513263121222 11 55332 331975 6777079 OK
74521632222212 11 36480 218868 4462227 OK
74521633121213 11 40963 245755 5009482 OK
74521633121312 11 37685 226091 4609404 OK
74521633133333 11 41649 249874 5094033 OK
74521633333313 11 37235 223391 4555532 OK
74523611121113 11 28648 171869 3500658 OK
74523611131112 11 29664 177977 3624420 OK
74523611213111 11 29266 175579 3575167 OK
74523611312111 11 27803 166798 3396294 OK
74523612111311 11 28918 173493 3533018 OK
74523613111211 11 27716 166281 3386062 OK
74532163123223 11 33091 198527 4053738 OK
74561231111222 11 29196 175156 3567107 OK
74561232111113 11 29637 177791 3620178 OK
74561232221111 11 32854 197097 4013864 OK
74561233111112 11 32029 192158 3912324 OK
74561233131233 11 28783 172676 3515980 OK
74561233233323 11 33894 203346 4141136 OK
74561233311233 11 28842 173020 3523669 OK
74561233321133 11 28432 170569 3473564 OK
74561233321313 11 34658 207923 4234606 OK
74563211232332 11 28429 170565 3482221 OK
74653213133222 11 33361 200142 4091361 OK
75132463233233 11 33216 199275 4066358 OK
75143263231313 11 40287 241708 4932947 OK
75146321323331 11 36636 219794 4483872 OK
75213642223133 11 31754 190499 3885420 OK
75231463211123 11 46094 276554 5639247 OK
75234161322233 11 28491 170928 3483480 OK
75234162221111 11 37672 226011 4604715 OK
75236143213232 11 26535 159176 3249959 OK
75241632222323 11 32614 195663 3989180 OK
75243162211322 11 55525 333125 6800888 OK
75243611113232 11 29400 176371 3595406 OK
75243613213232 11 25607 153624 3134105 OK
75246131333312 11 35970 215803 4406964 OK
75246311111111 11 68314 409865 8346579 OK
75246313212311 11 30353 182107 3711372 OK
75246313312211 11 29467 176780 3603717 OK
75246313332332 11 29476 176834 3606109 OK
75261432123233 11 33632 201773 4110773 OK
75264132121232 11 34958 209729 4272764 OK
75264132223331 11 27348 164057 3343792 OK
75264132321212 11 36754 220499 4492492 OK
75264133121333 11 29556 177310 3612514 OK
75264133331213 11 29960 179738 3662423 OK
75264311223122 11 31873 191215 3904127 OK
75264313231112 11 36617 219684 4482657 OK
75312463333133 11 37652 225890 4611923 OK
75314621133221 11 23906 143408 2922913 OK
75314621313212 11 52117 312680 6372428 OK
75314623113122 11 26877 161237 3285773 OK
75316241231231 11 37555 225298 4603159 OK
75321461311112 11 29250 175482 3575403 OK
75321463132121 11 26462 158751 3236129 OK
75346122133133 11 33556 201317 4110481 OK
75346211133122 11 28027 168138 3428321 OK
75346211211311 11 35591 213534 4354394 OK
75346211311211 11 26442 158625 3232595 OK
75346212323333 11 33788 202698 4131205 OK
75346213112132 11 25304 151795 3094801 OK
75346213132121 11 26428 158545 3233152 OK
75346213132322 11 26691 160119 3262729 OK
75346213332122 11 28306 169811 3462936 OK
75412631223332 11 24428 146541 2986534 OK
75416323232213 11 32719 196295 4001272 OK
75431263133213 11 37363 224159 4569752 OK
75462132123212 11 49293 295743 6039458 OK
75613243131332 11 37783 226674 4621073 OK
75613243133213 11 30726 184335 3758445 OK
75634123323122 11 29400 176375 3600192 OK
75641323232111 11 27863 167153 3406911 OK
75642132213311 11 26966 161775 3295493 OK
76123453233323 11 28826 172927 3522200 OK
76125343333133 11 38142 228831 4671192 OK
76143252131312 11 31737 190404 3882457 OK
76143252221222 11 32276 193633 3948046 OK
76143253131212 11 32678 196051 3997322 OK
76143253331333 11 30258 181528 3701636 OK
76143253333313 11 42446 254661 5191330 OK
76145231121113 11 26916 161472 3287978 OK
76145231122112 11 46620 279698 5697496 OK
76145231131112 11 29096 174558 3554441 OK
76145231221112 11 46535 279188 5687239 OK
76145231311331 11 26210 157231 3203153 OK
76145232123332 11 28131 168762 3435907 OK
76145232233213 11 34782 208669 4249408 OK
76145232331313 11 27055 162303 3304962 OK
76145232332213 11 35976 215830 4395411 OK
76145233133213 11 28741 172431 3511122 OK
76145233232333 11 27315 163868 3336718 OK
76154323333112 11 33309 199833 4081074 OK
76213543213133 11 34410 206443 4212571 OK
76213543311332 11 32277 193641 3951766 OK
76215341231231 11 30971 185799 3796464 OK
76215433333133 11 36718 220290 4497919 OK
76231451123111 11 29434 176586 3598009 OK
76245311121131 11 28574 171424 3492575 OK
76245311131121 11 25724 154314 3145653 OK
76245311213312 11 27207 163218 3327265 OK
76245312132131 11 27768 166581 3396835 OK
76245313122122 11 27039 162212 3306634 OK
76245313123121 11 27214 163255 3329786 OK
76253141123132 11 25207 151218 3081081 OK
76253141211332 11 24717 148278 3022280 OK
76253413322312 11 33895 203342 4156565 OK
76254133311323 11 54368 326193 6654182 OK
76254313211111 11 48349 290077 5918915 OK
76312452212111 11 50283 301677 6148869 OK
76312453211111 11 29421 176502 3597145 OK
76312453311311 11 32351 194081 3954881 OK
76312542321212 11 31590 189521 3861130 OK
76312542322121 11 29588 177508 3621087 OK
76312543322222 11 39218 235294 4796435 OK
76315241112113 11 30961 185742 3784857 OK
76315241113112 11 26518 159085 3243449 OK
76315241223113 11 25833 154966 3161153 OK
76315241322122 11 27355 164107 3346155 OK
76315241323313 11 28829 172953 3526197 OK
76315241332112 11 26388 158308 3228351 OK
76315243211231 11 25090 150511 3068374 OK
76315243323323 11 30185 181092 3690246 OK
76321452122123 11 42969 257793 5271370 OK
76321452122321 11 43818 262881 5377180 OK
76321452122333 11 42976 257829 5268579 OK
76321452123323 11 49846 299048 6111651 OK
76321452212231 11 41599 249575 5102818 OK
76321452213122 11 43719 262290 5359754 OK
76321453233131 11 45683 274075 5604415 OK
76321453311233 11 52208 313223 6399332 OK
76321453313312 11 49048 294265 6015544 OK
76321453321133 11 43562 261347 5340786 OK
76321453323311 11 50009 300043 6134226 OK
76321542211112 11 41674 250029 5097561 OK
76321543211111 11 28006 168012 3424247 OK
76321543311131 11 30937 185605 3782851 OK
76324151112233 11 28730 172362 3512676 OK
76324151112323 11 34762 208551 4247121 OK
76324153323122 11 28390 170320 3473677 OK
76325411111213 11 29742 178421 3633692 OK
76325411111312 11 36699 220181 4484055 OK
76325411112131 11 27174 163018 3319207 OK
76325411113121 11 29805 178806 3640786 OK
76325411122121 11 29431 176559 3595570 OK
76325411331311 11 31699 190173 3874202 OK
76325412112121 11 36955 221709 4515432 OK
76325412231212 11 31775 190628 3880256 OK
76325412333233 11 31587 189493 3858336 OK
76325413222223 11 29233 175372 3572708 OK
76341251111213 11 29023 174106 3545297 OK
76341251111312 11 36180 217060 4420275 OK
76341251112131 11 31957 191729 3903749 OK
76341251113121 11 29292 175721 3578567 OK
76341251221121 11 30688 184107 3750794 OK
76341251311313 11 29420 176488 3594460 OK
76341252232313 11 28724 172321 3508372 OK
76341252323333 11 31501 188984 3847817 OK
76341253221212 11 32405 194402 3959261 OK
76341253233131 11 26081 156460 3186709 OK
76342511111231 11 24555 147301 3002856 OK
76342511111321 11 31599 189578 3862252 OK
76342511323112 11 25957 155710 3174591 OK
76342512232223 11 31138 186805 3805210 OK
76342513213112 11 37789 226714 4621287 OK
76342513322111 11 39344 236043 4811559 OK
76342513323122 11 27469 164798 3359464 OK
76342513323212 11 29619 177689 3620296 OK
76345122211112 11 40459 242737 4947544 OK
76345122211121 11 32430 194559 3964836 OK
76345122213311 11 27073 162418 3310975 OK
76345122311111 11 32711 196243 4000299 OK
76345123211111 11 27603 165592 3374714 OK
76345123311113 11 31895 191342 3899686 OK
76345123311131 11 30452 182700 3722322 OK
76345123312211 11 25951 155679 3173466 OK
76351421112323 11 37484 224883 4580513 OK
76351421113322 11 27862 167159 3407370 OK
76351423321232 11 29451 176682 3599564 OK
76354121121212 11 34464 206759 4212274 OK
76354121122121 11 28923 173511 3536009 OK
76354121311313 11 29486 176897 3605374 OK
76354121313131 11 32504 195000 3972382 OK
76354122111212 11 37788 226706 4619120 OK
76354122112121 11 31431 188562 3842446 OK
76354122212222 11 29991 179924 3666609 OK
76354123211123 11 32134 192788 3927536 OK
76354123211132 11 27910 167440 3412700 OK
76354123313333 11 32785 196691 4007739 OK
76354212213323 11 29830 178959 3645426 OK
76354212312233 11 30678 184034 3748721 OK
76354212313322 11 32667 195983 3992507 OK
76354212333332 11 30030 180157 3670740 OK
76354213222223 11 29457 176716 3600713 OK
76354213312223 11 27639 165803 3377638 OK
76421351131121 11 23860 143138 2916585 OK
76512343213313 11 47769 286599 5850886 OK
76512343332311 11 47654 285909 5836370 OK
76514321112323 11 31983 191882 3904537 OK
76514321232113 11 29473 176813 3600328 OK
76521433232333 11 28510 171039 3484022 OK
76523413223231 11 29975 179826 3670909 OK
76524313331222 11 37048 222265 4539463 OK
76541232131213 11 48980 293859 5993737 OK
76541232221222 11 30121 180706 3684703 OK
76541233121213 11 31060 186339 3800311 OK
76541233331333 11 33442 200644 4092251 OK
76541233333313 11 37805 226810 4627556 OK
76543211111111 11 64308 385821 7850162 OK
76543211212112 11 32998 197967 4031903 OK
76543211223221 11 26762 160558 3272930 OK
76543211332331 11 26725 160333 3268146 OK
76543211333333 11 29563 177363 3613013 OK
76543212132323 11 29482 176869 3601461 OK
76543212222221 11 28291 169717 3457358 OK
76543212323213 11 29080 174460 3552354 OK
76543213113131 11 29266 175573 3576176 OK
